<?xml version="1.0" encoding="UTF-8"?>
<gpx version="1.1"
  creator="RoadRoughnessPro v1.0"
  xmlns="http://www.topografix.com/GPX/1/1"
  xmlns:xsi="http://www.w3.org/2001/XMLSchema-instance"
  xmlns:gpxtpx="http://www.garmin.com/xmlschemas/TrackPointExtension/v1"
  xmlns:rrp="https://roadroughnesspro.github.io/schema/v1"
  xsi:schemaLocation="
    http://www.topografix.com/GPX/1/1 http://www.topografix.com/GPX/1/1/gpx.xsd
    http://www.garmin.com/xmlschemas/TrackPointExtension/v1
    http://www.garmin.com/xmlschemas/TrackPointExtensionv1.xsd">
  <metadata>
    <name>Road Survey 1784884611084</name>
    <desc>IRI road roughness survey recorded by RoadRoughnessPro</desc>
    <time>2026-07-24T09:16:51.084Z</time>
    <extensions>
      <rrp:session>
        <rrp:avg_iri>4.089</rrp:avg_iri>
        <rrp:max_iri>22.214</rrp:max_iri>
        <rrp:min_iri>1.242</rrp:min_iri>
        <rrp:total_distance_m>3.8</rrp:total_distance_m>
        <rrp:quality_grade>E</rrp:quality_grade>
        <rrp:iri_standard>WORLD_BANK</rrp:iri_standard>
        <rrp:vehicle_profile>default</rrp:vehicle_profile>
        <rrp:duration_s>527.628</rrp:duration_s>
      </rrp:session>
    </extensions>
  </metadata>
  <trk>
    <name>Road Survey 1784884611084</name>
    <trkseg>
      <trkpt lat="30.6500467" lon="76.6925613">
        <time>2026-07-24T09:16:52.178Z</time>
        <hdop>99.00</hdop>
        <extensions>
          <gpxtpx:TrackPointExtension>
            <gpxtpx:speed>0.00</gpxtpx:speed>
            <gpxtpx:atemp>0.0</gpxtpx:atemp>
          </gpxtpx:TrackPointExtension>
          <rrp:iri>0.000</rrp:iri>
          <rrp:raw_iri>0.000</rrp:raw_iri>
          <rrp:iri_class>A</rrp:iri_class>
          <rrp:quality>0.000</rrp:quality>
          <rrp:satellites>62</rrp:satellites>
          <rrp:speed_kmh>0.0</rrp:speed_kmh>
          <rrp:accuracy_m>6.8</rrp:accuracy_m>
          <rrp:accel_x>0.000000</rrp:accel_x>
          <rrp:accel_y>0.000000</rrp:accel_y>
          <rrp:accel_z>11.829751</rrp:accel_z>
          <rrp:gyro_x>0.000000</rrp:gyro_x>
          <rrp:gyro_y>0.000000</rrp:gyro_y>
          <rrp:gyro_z>0.000000</rrp:gyro_z>
          <rrp:sensor_rate_hz>125.4</rrp:sensor_rate_hz>
        </extensions>
      </trkpt>
      <trkpt lat="30.6495429" lon="76.6934762">
        <time>2026-07-24T09:16:57.119Z</time>
        <hdop>99.00</hdop>
        <extensions>
          <gpxtpx:TrackPointExtension>
            <gpxtpx:speed>2.79</gpxtpx:speed>
            <gpxtpx:atemp>0.0</gpxtpx:atemp>
          </gpxtpx:TrackPointExtension>
          <rrp:iri>0.000</rrp:iri>
          <rrp:raw_iri>0.000</rrp:raw_iri>
          <rrp:iri_class>A</rrp:iri_class>
          <rrp:quality>0.000</rrp:quality>
          <rrp:satellites>56</rrp:satellites>
          <rrp:speed_kmh>10.0</rrp:speed_kmh>
          <rrp:accuracy_m>5.1</rrp:accuracy_m>
          <rrp:accel_x>0.000000</rrp:accel_x>
          <rrp:accel_y>0.000000</rrp:accel_y>
          <rrp:accel_z>13.524845</rrp:accel_z>
          <rrp:gyro_x>0.000000</rrp:gyro_x>
          <rrp:gyro_y>0.000000</rrp:gyro_y>
          <rrp:gyro_z>0.000000</rrp:gyro_z>
          <rrp:sensor_rate_hz>125.0</rrp:sensor_rate_hz>
        </extensions>
      </trkpt>
      <trkpt lat="30.6494567" lon="76.6935410">
        <time>2026-07-24T09:17:00.115Z</time>
        <hdop>99.00</hdop>
        <extensions>
          <gpxtpx:TrackPointExtension>
            <gpxtpx:speed>3.89</gpxtpx:speed>
            <gpxtpx:atemp>0.0</gpxtpx:atemp>
          </gpxtpx:TrackPointExtension>
          <rrp:iri>0.000</rrp:iri>
          <rrp:raw_iri>0.000</rrp:raw_iri>
          <rrp:iri_class>A</rrp:iri_class>
          <rrp:quality>0.000</rrp:quality>
          <rrp:satellites>57</rrp:satellites>
          <rrp:speed_kmh>14.0</rrp:speed_kmh>
          <rrp:accuracy_m>3.3</rrp:accuracy_m>
          <rrp:accel_x>0.000000</rrp:accel_x>
          <rrp:accel_y>0.000000</rrp:accel_y>
          <rrp:accel_z>13.218388</rrp:accel_z>
          <rrp:gyro_x>0.000000</rrp:gyro_x>
          <rrp:gyro_y>0.000000</rrp:gyro_y>
          <rrp:gyro_z>0.000000</rrp:gyro_z>
          <rrp:sensor_rate_hz>124.9</rrp:sensor_rate_hz>
        </extensions>
      </trkpt>
      <trkpt lat="30.6493593" lon="76.6936159">
        <time>2026-07-24T09:17:03.163Z</time>
        <hdop>99.00</hdop>
        <extensions>
          <gpxtpx:TrackPointExtension>
            <gpxtpx:speed>4.19</gpxtpx:speed>
            <gpxtpx:atemp>0.0</gpxtpx:atemp>
          </gpxtpx:TrackPointExtension>
          <rrp:iri>10.133</rrp:iri>
          <rrp:raw_iri>0.000</rrp:raw_iri>
          <rrp:iri_class>E</rrp:iri_class>
          <rrp:quality>0.789</rrp:quality>
          <rrp:satellites>57</rrp:satellites>
          <rrp:speed_kmh>15.1</rrp:speed_kmh>
          <rrp:accuracy_m>2.0</rrp:accuracy_m>
          <rrp:accel_x>0.000000</rrp:accel_x>
          <rrp:accel_y>0.000000</rrp:accel_y>
          <rrp:accel_z>12.248735</rrp:accel_z>
          <rrp:gyro_x>0.000000</rrp:gyro_x>
          <rrp:gyro_y>0.000000</rrp:gyro_y>
          <rrp:gyro_z>0.000000</rrp:gyro_z>
          <rrp:sensor_rate_hz>125.4</rrp:sensor_rate_hz>
        </extensions>
      </trkpt>
      <trkpt lat="30.6492661" lon="76.6936975">
        <time>2026-07-24T09:17:06.208Z</time>
        <hdop>99.00</hdop>
        <extensions>
          <gpxtpx:TrackPointExtension>
            <gpxtpx:speed>4.18</gpxtpx:speed>
            <gpxtpx:atemp>0.0</gpxtpx:atemp>
          </gpxtpx:TrackPointExtension>
          <rrp:iri>7.936</rrp:iri>
          <rrp:raw_iri>0.000</rrp:raw_iri>
          <rrp:iri_class>D</rrp:iri_class>
          <rrp:quality>0.393</rrp:quality>
          <rrp:satellites>61</rrp:satellites>
          <rrp:speed_kmh>15.0</rrp:speed_kmh>
          <rrp:accuracy_m>1.5</rrp:accuracy_m>
          <rrp:accel_x>0.000000</rrp:accel_x>
          <rrp:accel_y>0.000000</rrp:accel_y>
          <rrp:accel_z>12.701240</rrp:accel_z>
          <rrp:gyro_x>0.000000</rrp:gyro_x>
          <rrp:gyro_y>0.000000</rrp:gyro_y>
          <rrp:gyro_z>0.000000</rrp:gyro_z>
          <rrp:sensor_rate_hz>124.9</rrp:sensor_rate_hz>
        </extensions>
      </trkpt>
      <trkpt lat="30.6491863" lon="76.6937655">
        <time>2026-07-24T09:17:09.219Z</time>
        <hdop>99.00</hdop>
        <extensions>
          <gpxtpx:TrackPointExtension>
            <gpxtpx:speed>3.88</gpxtpx:speed>
            <gpxtpx:atemp>0.0</gpxtpx:atemp>
          </gpxtpx:TrackPointExtension>
          <rrp:iri>11.515</rrp:iri>
          <rrp:raw_iri>0.000</rrp:raw_iri>
          <rrp:iri_class>E</rrp:iri_class>
          <rrp:quality>0.393</rrp:quality>
          <rrp:satellites>64</rrp:satellites>
          <rrp:speed_kmh>14.0</rrp:speed_kmh>
          <rrp:accuracy_m>1.2</rrp:accuracy_m>
          <rrp:accel_x>0.000000</rrp:accel_x>
          <rrp:accel_y>0.000000</rrp:accel_y>
          <rrp:accel_z>14.906300</rrp:accel_z>
          <rrp:gyro_x>0.000000</rrp:gyro_x>
          <rrp:gyro_y>0.000000</rrp:gyro_y>
          <rrp:gyro_z>0.000000</rrp:gyro_z>
          <rrp:sensor_rate_hz>125.0</rrp:sensor_rate_hz>
        </extensions>
      </trkpt>
      <trkpt lat="30.6490888" lon="76.6938347">
        <time>2026-07-24T09:17:12.171Z</time>
        <hdop>99.00</hdop>
        <extensions>
          <gpxtpx:TrackPointExtension>
            <gpxtpx:speed>4.30</gpxtpx:speed>
            <gpxtpx:atemp>0.0</gpxtpx:atemp>
          </gpxtpx:TrackPointExtension>
          <rrp:iri>12.347</rrp:iri>
          <rrp:raw_iri>0.000</rrp:raw_iri>
          <rrp:iri_class>E</rrp:iri_class>
          <rrp:quality>0.401</rrp:quality>
          <rrp:satellites>62</rrp:satellites>
          <rrp:speed_kmh>15.5</rrp:speed_kmh>
          <rrp:accuracy_m>1.2</rrp:accuracy_m>
          <rrp:accel_x>0.000000</rrp:accel_x>
          <rrp:accel_y>0.000000</rrp:accel_y>
          <rrp:accel_z>11.334151</rrp:accel_z>
          <rrp:gyro_x>0.000000</rrp:gyro_x>
          <rrp:gyro_y>0.000000</rrp:gyro_y>
          <rrp:gyro_z>0.000000</rrp:gyro_z>
          <rrp:sensor_rate_hz>124.9</rrp:sensor_rate_hz>
        </extensions>
      </trkpt>
      <trkpt lat="30.6489959" lon="76.6939119">
        <time>2026-07-24T09:17:15.181Z</time>
        <hdop>99.00</hdop>
        <extensions>
          <gpxtpx:TrackPointExtension>
            <gpxtpx:speed>4.19</gpxtpx:speed>
            <gpxtpx:atemp>0.0</gpxtpx:atemp>
          </gpxtpx:TrackPointExtension>
          <rrp:iri>5.721</rrp:iri>
          <rrp:raw_iri>0.000</rrp:raw_iri>
          <rrp:iri_class>C</rrp:iri_class>
          <rrp:quality>0.401</rrp:quality>
          <rrp:satellites>63</rrp:satellites>
          <rrp:speed_kmh>15.1</rrp:speed_kmh>
          <rrp:accuracy_m>1.2</rrp:accuracy_m>
          <rrp:accel_x>0.000000</rrp:accel_x>
          <rrp:accel_y>0.000000</rrp:accel_y>
          <rrp:accel_z>12.464214</rrp:accel_z>
          <rrp:gyro_x>0.000000</rrp:gyro_x>
          <rrp:gyro_y>0.000000</rrp:gyro_y>
          <rrp:gyro_z>0.000000</rrp:gyro_z>
          <rrp:sensor_rate_hz>124.9</rrp:sensor_rate_hz>
        </extensions>
      </trkpt>
      <trkpt lat="30.6488939" lon="76.6939924">
        <time>2026-07-24T09:17:18.220Z</time>
        <hdop>99.00</hdop>
        <extensions>
          <gpxtpx:TrackPointExtension>
            <gpxtpx:speed>4.62</gpxtpx:speed>
            <gpxtpx:atemp>0.0</gpxtpx:atemp>
          </gpxtpx:TrackPointExtension>
          <rrp:iri>14.135</rrp:iri>
          <rrp:raw_iri>0.000</rrp:raw_iri>
          <rrp:iri_class>E</rrp:iri_class>
          <rrp:quality>0.790</rrp:quality>
          <rrp:satellites>64</rrp:satellites>
          <rrp:speed_kmh>16.6</rrp:speed_kmh>
          <rrp:accuracy_m>1.0</rrp:accuracy_m>
          <rrp:accel_x>0.000000</rrp:accel_x>
          <rrp:accel_y>0.000000</rrp:accel_y>
          <rrp:accel_z>17.372328</rrp:accel_z>
          <rrp:gyro_x>0.000000</rrp:gyro_x>
          <rrp:gyro_y>0.000000</rrp:gyro_y>
          <rrp:gyro_z>0.000000</rrp:gyro_z>
          <rrp:sensor_rate_hz>124.9</rrp:sensor_rate_hz>
        </extensions>
      </trkpt>
      <trkpt lat="30.6487824" lon="76.6940842">
        <time>2026-07-24T09:17:21.209Z</time>
        <hdop>99.00</hdop>
        <extensions>
          <gpxtpx:TrackPointExtension>
            <gpxtpx:speed>5.17</gpxtpx:speed>
            <gpxtpx:atemp>0.0</gpxtpx:atemp>
          </gpxtpx:TrackPointExtension>
          <rrp:iri>14.588</rrp:iri>
          <rrp:raw_iri>0.000</rrp:raw_iri>
          <rrp:iri_class>E</rrp:iri_class>
          <rrp:quality>0.500</rrp:quality>
          <rrp:satellites>64</rrp:satellites>
          <rrp:speed_kmh>18.6</rrp:speed_kmh>
          <rrp:accuracy_m>1.0</rrp:accuracy_m>
          <rrp:accel_x>0.000000</rrp:accel_x>
          <rrp:accel_y>0.000000</rrp:accel_y>
          <rrp:accel_z>15.579070</rrp:accel_z>
          <rrp:gyro_x>0.000000</rrp:gyro_x>
          <rrp:gyro_y>0.000000</rrp:gyro_y>
          <rrp:gyro_z>0.000000</rrp:gyro_z>
          <rrp:sensor_rate_hz>125.0</rrp:sensor_rate_hz>
        </extensions>
      </trkpt>
      <trkpt lat="30.6487004" lon="76.6941473">
        <time>2026-07-24T09:17:23.202Z</time>
        <hdop>99.00</hdop>
        <extensions>
          <gpxtpx:TrackPointExtension>
            <gpxtpx:speed>5.39</gpxtpx:speed>
            <gpxtpx:atemp>0.0</gpxtpx:atemp>
          </gpxtpx:TrackPointExtension>
          <rrp:iri>13.486</rrp:iri>
          <rrp:raw_iri>0.000</rrp:raw_iri>
          <rrp:iri_class>E</rrp:iri_class>
          <rrp:quality>0.500</rrp:quality>
          <rrp:satellites>64</rrp:satellites>
          <rrp:speed_kmh>19.4</rrp:speed_kmh>
          <rrp:accuracy_m>1.0</rrp:accuracy_m>
          <rrp:accel_x>0.000000</rrp:accel_x>
          <rrp:accel_y>0.000000</rrp:accel_y>
          <rrp:accel_z>16.500837</rrp:accel_z>
          <rrp:gyro_x>0.000000</rrp:gyro_x>
          <rrp:gyro_y>0.000000</rrp:gyro_y>
          <rrp:gyro_z>0.000000</rrp:gyro_z>
          <rrp:sensor_rate_hz>124.9</rrp:sensor_rate_hz>
        </extensions>
      </trkpt>
      <trkpt lat="30.6486194" lon="76.6942133">
        <time>2026-07-24T09:17:25.227Z</time>
        <hdop>99.00</hdop>
        <extensions>
          <gpxtpx:TrackPointExtension>
            <gpxtpx:speed>5.59</gpxtpx:speed>
            <gpxtpx:atemp>0.0</gpxtpx:atemp>
          </gpxtpx:TrackPointExtension>
          <rrp:iri>13.704</rrp:iri>
          <rrp:raw_iri>0.000</rrp:raw_iri>
          <rrp:iri_class>E</rrp:iri_class>
          <rrp:quality>0.500</rrp:quality>
          <rrp:satellites>64</rrp:satellites>
          <rrp:speed_kmh>20.1</rrp:speed_kmh>
          <rrp:accuracy_m>1.0</rrp:accuracy_m>
          <rrp:accel_x>0.000000</rrp:accel_x>
          <rrp:accel_y>0.000000</rrp:accel_y>
          <rrp:accel_z>19.263746</rrp:accel_z>
          <rrp:gyro_x>0.000000</rrp:gyro_x>
          <rrp:gyro_y>0.000000</rrp:gyro_y>
          <rrp:gyro_z>0.000000</rrp:gyro_z>
          <rrp:sensor_rate_hz>124.9</rrp:sensor_rate_hz>
        </extensions>
      </trkpt>
      <trkpt lat="30.6485363" lon="76.6942901">
        <time>2026-07-24T09:17:27.193Z</time>
        <hdop>99.00</hdop>
        <extensions>
          <gpxtpx:TrackPointExtension>
            <gpxtpx:speed>5.83</gpxtpx:speed>
            <gpxtpx:atemp>0.0</gpxtpx:atemp>
          </gpxtpx:TrackPointExtension>
          <rrp:iri>10.755</rrp:iri>
          <rrp:raw_iri>0.000</rrp:raw_iri>
          <rrp:iri_class>E</rrp:iri_class>
          <rrp:quality>0.500</rrp:quality>
          <rrp:satellites>64</rrp:satellites>
          <rrp:speed_kmh>21.0</rrp:speed_kmh>
          <rrp:accuracy_m>1.0</rrp:accuracy_m>
          <rrp:accel_x>0.000000</rrp:accel_x>
          <rrp:accel_y>0.000000</rrp:accel_y>
          <rrp:accel_z>13.479356</rrp:accel_z>
          <rrp:gyro_x>0.000000</rrp:gyro_x>
          <rrp:gyro_y>0.000000</rrp:gyro_y>
          <rrp:gyro_z>0.000000</rrp:gyro_z>
          <rrp:sensor_rate_hz>125.4</rrp:sensor_rate_hz>
        </extensions>
      </trkpt>
      <trkpt lat="30.6484473" lon="76.6943641">
        <time>2026-07-24T09:17:29.184Z</time>
        <hdop>99.00</hdop>
        <extensions>
          <gpxtpx:TrackPointExtension>
            <gpxtpx:speed>6.26</gpxtpx:speed>
            <gpxtpx:atemp>0.0</gpxtpx:atemp>
          </gpxtpx:TrackPointExtension>
          <rrp:iri>5.097</rrp:iri>
          <rrp:raw_iri>0.000</rrp:raw_iri>
          <rrp:iri_class>C</rrp:iri_class>
          <rrp:quality>0.500</rrp:quality>
          <rrp:satellites>63</rrp:satellites>
          <rrp:speed_kmh>22.5</rrp:speed_kmh>
          <rrp:accuracy_m>1.0</rrp:accuracy_m>
          <rrp:accel_x>0.000000</rrp:accel_x>
          <rrp:accel_y>0.000000</rrp:accel_y>
          <rrp:accel_z>11.535264</rrp:accel_z>
          <rrp:gyro_x>0.000000</rrp:gyro_x>
          <rrp:gyro_y>0.000000</rrp:gyro_y>
          <rrp:gyro_z>0.000000</rrp:gyro_z>
          <rrp:sensor_rate_hz>124.9</rrp:sensor_rate_hz>
        </extensions>
      </trkpt>
      <trkpt lat="30.6483545" lon="76.6944481">
        <time>2026-07-24T09:17:31.204Z</time>
        <hdop>99.00</hdop>
        <extensions>
          <gpxtpx:TrackPointExtension>
            <gpxtpx:speed>6.72</gpxtpx:speed>
            <gpxtpx:atemp>0.0</gpxtpx:atemp>
          </gpxtpx:TrackPointExtension>
          <rrp:iri>4.867</rrp:iri>
          <rrp:raw_iri>0.000</rrp:raw_iri>
          <rrp:iri_class>C</rrp:iri_class>
          <rrp:quality>1.000</rrp:quality>
          <rrp:satellites>63</rrp:satellites>
          <rrp:speed_kmh>24.2</rrp:speed_kmh>
          <rrp:accuracy_m>1.0</rrp:accuracy_m>
          <rrp:accel_x>0.000000</rrp:accel_x>
          <rrp:accel_y>0.000000</rrp:accel_y>
          <rrp:accel_z>21.054609</rrp:accel_z>
          <rrp:gyro_x>0.000000</rrp:gyro_x>
          <rrp:gyro_y>0.000000</rrp:gyro_y>
          <rrp:gyro_z>0.000000</rrp:gyro_z>
          <rrp:sensor_rate_hz>125.0</rrp:sensor_rate_hz>
        </extensions>
      </trkpt>
      <trkpt lat="30.6482645" lon="76.6945249">
        <time>2026-07-24T09:17:33.202Z</time>
        <hdop>99.00</hdop>
        <extensions>
          <gpxtpx:TrackPointExtension>
            <gpxtpx:speed>5.87</gpxtpx:speed>
            <gpxtpx:atemp>0.0</gpxtpx:atemp>
          </gpxtpx:TrackPointExtension>
          <rrp:iri>1.331</rrp:iri>
          <rrp:raw_iri>0.000</rrp:raw_iri>
          <rrp:iri_class>A</rrp:iri_class>
          <rrp:quality>1.000</rrp:quality>
          <rrp:satellites>60</rrp:satellites>
          <rrp:speed_kmh>21.1</rrp:speed_kmh>
          <rrp:accuracy_m>1.0</rrp:accuracy_m>
          <rrp:accel_x>0.000000</rrp:accel_x>
          <rrp:accel_y>0.000000</rrp:accel_y>
          <rrp:accel_z>11.719617</rrp:accel_z>
          <rrp:gyro_x>0.000000</rrp:gyro_x>
          <rrp:gyro_y>0.000000</rrp:gyro_y>
          <rrp:gyro_z>0.000000</rrp:gyro_z>
          <rrp:sensor_rate_hz>125.0</rrp:sensor_rate_hz>
        </extensions>
      </trkpt>
      <trkpt lat="30.6481609" lon="76.6946081">
        <time>2026-07-24T09:17:36.186Z</time>
        <hdop>99.00</hdop>
        <extensions>
          <gpxtpx:TrackPointExtension>
            <gpxtpx:speed>4.59</gpxtpx:speed>
            <gpxtpx:atemp>0.0</gpxtpx:atemp>
          </gpxtpx:TrackPointExtension>
          <rrp:iri>2.948</rrp:iri>
          <rrp:raw_iri>0.000</rrp:raw_iri>
          <rrp:iri_class>B</rrp:iri_class>
          <rrp:quality>1.000</rrp:quality>
          <rrp:satellites>62</rrp:satellites>
          <rrp:speed_kmh>16.5</rrp:speed_kmh>
          <rrp:accuracy_m>1.0</rrp:accuracy_m>
          <rrp:accel_x>0.000000</rrp:accel_x>
          <rrp:accel_y>0.000000</rrp:accel_y>
          <rrp:accel_z>14.053964</rrp:accel_z>
          <rrp:gyro_x>0.000000</rrp:gyro_x>
          <rrp:gyro_y>0.000000</rrp:gyro_y>
          <rrp:gyro_z>0.000000</rrp:gyro_z>
          <rrp:sensor_rate_hz>124.9</rrp:sensor_rate_hz>
        </extensions>
      </trkpt>
      <trkpt lat="30.6480861" lon="76.6946687">
        <time>2026-07-24T09:17:38.185Z</time>
        <hdop>99.00</hdop>
        <extensions>
          <gpxtpx:TrackPointExtension>
            <gpxtpx:speed>5.03</gpxtpx:speed>
            <gpxtpx:atemp>0.0</gpxtpx:atemp>
          </gpxtpx:TrackPointExtension>
          <rrp:iri>4.528</rrp:iri>
          <rrp:raw_iri>0.000</rrp:raw_iri>
          <rrp:iri_class>C</rrp:iri_class>
          <rrp:quality>0.812</rrp:quality>
          <rrp:satellites>62</rrp:satellites>
          <rrp:speed_kmh>18.1</rrp:speed_kmh>
          <rrp:accuracy_m>1.0</rrp:accuracy_m>
          <rrp:accel_x>0.000000</rrp:accel_x>
          <rrp:accel_y>0.000000</rrp:accel_y>
          <rrp:accel_z>11.681310</rrp:accel_z>
          <rrp:gyro_x>0.000000</rrp:gyro_x>
          <rrp:gyro_y>0.000000</rrp:gyro_y>
          <rrp:gyro_z>0.000000</rrp:gyro_z>
          <rrp:sensor_rate_hz>125.0</rrp:sensor_rate_hz>
        </extensions>
      </trkpt>
      <trkpt lat="30.6480083" lon="76.6947320">
        <time>2026-07-24T09:17:40.199Z</time>
        <hdop>99.00</hdop>
        <extensions>
          <gpxtpx:TrackPointExtension>
            <gpxtpx:speed>4.99</gpxtpx:speed>
            <gpxtpx:atemp>0.0</gpxtpx:atemp>
          </gpxtpx:TrackPointExtension>
          <rrp:iri>5.670</rrp:iri>
          <rrp:raw_iri>0.000</rrp:raw_iri>
          <rrp:iri_class>C</rrp:iri_class>
          <rrp:quality>0.812</rrp:quality>
          <rrp:satellites>63</rrp:satellites>
          <rrp:speed_kmh>18.0</rrp:speed_kmh>
          <rrp:accuracy_m>1.0</rrp:accuracy_m>
          <rrp:accel_x>0.000000</rrp:accel_x>
          <rrp:accel_y>0.000000</rrp:accel_y>
          <rrp:accel_z>12.646173</rrp:accel_z>
          <rrp:gyro_x>0.000000</rrp:gyro_x>
          <rrp:gyro_y>0.000000</rrp:gyro_y>
          <rrp:gyro_z>0.000000</rrp:gyro_z>
          <rrp:sensor_rate_hz>124.9</rrp:sensor_rate_hz>
        </extensions>
      </trkpt>
      <trkpt lat="30.6479260" lon="76.6947967">
        <time>2026-07-24T09:17:42.164Z</time>
        <hdop>99.00</hdop>
        <extensions>
          <gpxtpx:TrackPointExtension>
            <gpxtpx:speed>5.61</gpxtpx:speed>
            <gpxtpx:atemp>0.0</gpxtpx:atemp>
          </gpxtpx:TrackPointExtension>
          <rrp:iri>7.307</rrp:iri>
          <rrp:raw_iri>0.000</rrp:raw_iri>
          <rrp:iri_class>D</rrp:iri_class>
          <rrp:quality>1.000</rrp:quality>
          <rrp:satellites>63</rrp:satellites>
          <rrp:speed_kmh>20.2</rrp:speed_kmh>
          <rrp:accuracy_m>1.0</rrp:accuracy_m>
          <rrp:accel_x>0.000000</rrp:accel_x>
          <rrp:accel_y>0.000000</rrp:accel_y>
          <rrp:accel_z>16.266207</rrp:accel_z>
          <rrp:gyro_x>0.000000</rrp:gyro_x>
          <rrp:gyro_y>0.000000</rrp:gyro_y>
          <rrp:gyro_z>0.000000</rrp:gyro_z>
          <rrp:sensor_rate_hz>125.0</rrp:sensor_rate_hz>
        </extensions>
      </trkpt>
      <trkpt lat="30.6478397" lon="76.6948648">
        <time>2026-07-24T09:17:44.182Z</time>
        <hdop>99.00</hdop>
        <extensions>
          <gpxtpx:TrackPointExtension>
            <gpxtpx:speed>5.69</gpxtpx:speed>
            <gpxtpx:atemp>0.0</gpxtpx:atemp>
          </gpxtpx:TrackPointExtension>
          <rrp:iri>8.414</rrp:iri>
          <rrp:raw_iri>0.000</rrp:raw_iri>
          <rrp:iri_class>E</rrp:iri_class>
          <rrp:quality>1.000</rrp:quality>
          <rrp:satellites>64</rrp:satellites>
          <rrp:speed_kmh>20.5</rrp:speed_kmh>
          <rrp:accuracy_m>1.0</rrp:accuracy_m>
          <rrp:accel_x>0.000000</rrp:accel_x>
          <rrp:accel_y>0.000000</rrp:accel_y>
          <rrp:accel_z>18.780119</rrp:accel_z>
          <rrp:gyro_x>0.000000</rrp:gyro_x>
          <rrp:gyro_y>0.000000</rrp:gyro_y>
          <rrp:gyro_z>0.000000</rrp:gyro_z>
          <rrp:sensor_rate_hz>124.9</rrp:sensor_rate_hz>
        </extensions>
      </trkpt>
      <trkpt lat="30.6477538" lon="76.6949348">
        <time>2026-07-24T09:17:46.181Z</time>
        <hdop>99.00</hdop>
        <extensions>
          <gpxtpx:TrackPointExtension>
            <gpxtpx:speed>5.85</gpxtpx:speed>
            <gpxtpx:atemp>0.0</gpxtpx:atemp>
          </gpxtpx:TrackPointExtension>
          <rrp:iri>6.573</rrp:iri>
          <rrp:raw_iri>0.000</rrp:raw_iri>
          <rrp:iri_class>D</rrp:iri_class>
          <rrp:quality>1.000</rrp:quality>
          <rrp:satellites>63</rrp:satellites>
          <rrp:speed_kmh>21.1</rrp:speed_kmh>
          <rrp:accuracy_m>1.0</rrp:accuracy_m>
          <rrp:accel_x>0.000000</rrp:accel_x>
          <rrp:accel_y>0.000000</rrp:accel_y>
          <rrp:accel_z>18.073828</rrp:accel_z>
          <rrp:gyro_x>0.000000</rrp:gyro_x>
          <rrp:gyro_y>0.000000</rrp:gyro_y>
          <rrp:gyro_z>0.000000</rrp:gyro_z>
          <rrp:sensor_rate_hz>124.9</rrp:sensor_rate_hz>
        </extensions>
      </trkpt>
      <trkpt lat="30.6476646" lon="76.6950009">
        <time>2026-07-24T09:17:48.178Z</time>
        <hdop>99.00</hdop>
        <extensions>
          <gpxtpx:TrackPointExtension>
            <gpxtpx:speed>5.90</gpxtpx:speed>
            <gpxtpx:atemp>0.0</gpxtpx:atemp>
          </gpxtpx:TrackPointExtension>
          <rrp:iri>5.875</rrp:iri>
          <rrp:raw_iri>0.000</rrp:raw_iri>
          <rrp:iri_class>C</rrp:iri_class>
          <rrp:quality>1.000</rrp:quality>
          <rrp:satellites>64</rrp:satellites>
          <rrp:speed_kmh>21.3</rrp:speed_kmh>
          <rrp:accuracy_m>1.0</rrp:accuracy_m>
          <rrp:accel_x>0.000000</rrp:accel_x>
          <rrp:accel_y>0.000000</rrp:accel_y>
          <rrp:accel_z>12.368446</rrp:accel_z>
          <rrp:gyro_x>0.000000</rrp:gyro_x>
          <rrp:gyro_y>0.000000</rrp:gyro_y>
          <rrp:gyro_z>0.000000</rrp:gyro_z>
          <rrp:sensor_rate_hz>124.9</rrp:sensor_rate_hz>
        </extensions>
      </trkpt>
      <trkpt lat="30.6475889" lon="76.6950725">
        <time>2026-07-24T09:17:50.196Z</time>
        <hdop>99.00</hdop>
        <extensions>
          <gpxtpx:TrackPointExtension>
            <gpxtpx:speed>5.24</gpxtpx:speed>
            <gpxtpx:atemp>0.0</gpxtpx:atemp>
          </gpxtpx:TrackPointExtension>
          <rrp:iri>5.936</rrp:iri>
          <rrp:raw_iri>0.000</rrp:raw_iri>
          <rrp:iri_class>C</rrp:iri_class>
          <rrp:quality>1.000</rrp:quality>
          <rrp:satellites>64</rrp:satellites>
          <rrp:speed_kmh>18.9</rrp:speed_kmh>
          <rrp:accuracy_m>1.0</rrp:accuracy_m>
          <rrp:accel_x>0.000000</rrp:accel_x>
          <rrp:accel_y>0.000000</rrp:accel_y>
          <rrp:accel_z>17.089811</rrp:accel_z>
          <rrp:gyro_x>0.000000</rrp:gyro_x>
          <rrp:gyro_y>0.000000</rrp:gyro_y>
          <rrp:gyro_z>0.000000</rrp:gyro_z>
          <rrp:sensor_rate_hz>124.9</rrp:sensor_rate_hz>
        </extensions>
      </trkpt>
      <trkpt lat="30.6474833" lon="76.6951634">
        <time>2026-07-24T09:17:53.181Z</time>
        <hdop>99.00</hdop>
        <extensions>
          <gpxtpx:TrackPointExtension>
            <gpxtpx:speed>4.77</gpxtpx:speed>
            <gpxtpx:atemp>0.0</gpxtpx:atemp>
          </gpxtpx:TrackPointExtension>
          <rrp:iri>7.721</rrp:iri>
          <rrp:raw_iri>0.000</rrp:raw_iri>
          <rrp:iri_class>D</rrp:iri_class>
          <rrp:quality>0.500</rrp:quality>
          <rrp:satellites>64</rrp:satellites>
          <rrp:speed_kmh>17.2</rrp:speed_kmh>
          <rrp:accuracy_m>1.0</rrp:accuracy_m>
          <rrp:accel_x>0.000000</rrp:accel_x>
          <rrp:accel_y>0.000000</rrp:accel_y>
          <rrp:accel_z>17.144878</rrp:accel_z>
          <rrp:gyro_x>0.000000</rrp:gyro_x>
          <rrp:gyro_y>0.000000</rrp:gyro_y>
          <rrp:gyro_z>0.000000</rrp:gyro_z>
          <rrp:sensor_rate_hz>125.0</rrp:sensor_rate_hz>
        </extensions>
      </trkpt>
      <trkpt lat="30.6474093" lon="76.6952230">
        <time>2026-07-24T09:17:55.219Z</time>
        <hdop>99.00</hdop>
        <extensions>
          <gpxtpx:TrackPointExtension>
            <gpxtpx:speed>5.02</gpxtpx:speed>
            <gpxtpx:atemp>0.0</gpxtpx:atemp>
          </gpxtpx:TrackPointExtension>
          <rrp:iri>10.330</rrp:iri>
          <rrp:raw_iri>0.000</rrp:raw_iri>
          <rrp:iri_class>E</rrp:iri_class>
          <rrp:quality>0.500</rrp:quality>
          <rrp:satellites>64</rrp:satellites>
          <rrp:speed_kmh>18.1</rrp:speed_kmh>
          <rrp:accuracy_m>1.7</rrp:accuracy_m>
          <rrp:accel_x>0.000000</rrp:accel_x>
          <rrp:accel_y>0.000000</rrp:accel_y>
          <rrp:accel_z>11.607090</rrp:accel_z>
          <rrp:gyro_x>0.000000</rrp:gyro_x>
          <rrp:gyro_y>0.000000</rrp:gyro_y>
          <rrp:gyro_z>0.000000</rrp:gyro_z>
          <rrp:sensor_rate_hz>125.0</rrp:sensor_rate_hz>
        </extensions>
      </trkpt>
      <trkpt lat="30.6473310" lon="76.6952926">
        <time>2026-07-24T09:17:57.186Z</time>
        <hdop>99.00</hdop>
        <extensions>
          <gpxtpx:TrackPointExtension>
            <gpxtpx:speed>5.62</gpxtpx:speed>
            <gpxtpx:atemp>0.0</gpxtpx:atemp>
          </gpxtpx:TrackPointExtension>
          <rrp:iri>8.052</rrp:iri>
          <rrp:raw_iri>0.000</rrp:raw_iri>
          <rrp:iri_class>E</rrp:iri_class>
          <rrp:quality>0.500</rrp:quality>
          <rrp:satellites>66</rrp:satellites>
          <rrp:speed_kmh>20.2</rrp:speed_kmh>
          <rrp:accuracy_m>1.7</rrp:accuracy_m>
          <rrp:accel_x>0.000000</rrp:accel_x>
          <rrp:accel_y>0.000000</rrp:accel_y>
          <rrp:accel_z>23.118412</rrp:accel_z>
          <rrp:gyro_x>0.000000</rrp:gyro_x>
          <rrp:gyro_y>0.000000</rrp:gyro_y>
          <rrp:gyro_z>0.000000</rrp:gyro_z>
          <rrp:sensor_rate_hz>124.9</rrp:sensor_rate_hz>
        </extensions>
      </trkpt>
      <trkpt lat="30.6472476" lon="76.6953613">
        <time>2026-07-24T09:17:59.170Z</time>
        <hdop>99.00</hdop>
        <extensions>
          <gpxtpx:TrackPointExtension>
            <gpxtpx:speed>5.89</gpxtpx:speed>
            <gpxtpx:atemp>0.0</gpxtpx:atemp>
          </gpxtpx:TrackPointExtension>
          <rrp:iri>8.862</rrp:iri>
          <rrp:raw_iri>0.000</rrp:raw_iri>
          <rrp:iri_class>E</rrp:iri_class>
          <rrp:quality>0.500</rrp:quality>
          <rrp:satellites>66</rrp:satellites>
          <rrp:speed_kmh>21.2</rrp:speed_kmh>
          <rrp:accuracy_m>1.0</rrp:accuracy_m>
          <rrp:accel_x>0.000000</rrp:accel_x>
          <rrp:accel_y>0.000000</rrp:accel_y>
          <rrp:accel_z>13.235147</rrp:accel_z>
          <rrp:gyro_x>0.000000</rrp:gyro_x>
          <rrp:gyro_y>0.000000</rrp:gyro_y>
          <rrp:gyro_z>0.000000</rrp:gyro_z>
          <rrp:sensor_rate_hz>125.0</rrp:sensor_rate_hz>
        </extensions>
      </trkpt>
      <trkpt lat="30.6471528" lon="76.6954369">
        <time>2026-07-24T09:18:01.196Z</time>
        <hdop>99.00</hdop>
        <extensions>
          <gpxtpx:TrackPointExtension>
            <gpxtpx:speed>6.19</gpxtpx:speed>
            <gpxtpx:atemp>0.0</gpxtpx:atemp>
          </gpxtpx:TrackPointExtension>
          <rrp:iri>6.705</rrp:iri>
          <rrp:raw_iri>0.000</rrp:raw_iri>
          <rrp:iri_class>D</rrp:iri_class>
          <rrp:quality>0.500</rrp:quality>
          <rrp:satellites>65</rrp:satellites>
          <rrp:speed_kmh>22.3</rrp:speed_kmh>
          <rrp:accuracy_m>1.0</rrp:accuracy_m>
          <rrp:accel_x>0.000000</rrp:accel_x>
          <rrp:accel_y>0.000000</rrp:accel_y>
          <rrp:accel_z>22.699427</rrp:accel_z>
          <rrp:gyro_x>0.000000</rrp:gyro_x>
          <rrp:gyro_y>0.000000</rrp:gyro_y>
          <rrp:gyro_z>0.000000</rrp:gyro_z>
          <rrp:sensor_rate_hz>124.9</rrp:sensor_rate_hz>
        </extensions>
      </trkpt>
      <trkpt lat="30.6470579" lon="76.6955089">
        <time>2026-07-24T09:18:03.189Z</time>
        <hdop>99.00</hdop>
        <extensions>
          <gpxtpx:TrackPointExtension>
            <gpxtpx:speed>6.44</gpxtpx:speed>
            <gpxtpx:atemp>0.0</gpxtpx:atemp>
          </gpxtpx:TrackPointExtension>
          <rrp:iri>7.529</rrp:iri>
          <rrp:raw_iri>0.000</rrp:raw_iri>
          <rrp:iri_class>D</rrp:iri_class>
          <rrp:quality>0.500</rrp:quality>
          <rrp:satellites>66</rrp:satellites>
          <rrp:speed_kmh>23.2</rrp:speed_kmh>
          <rrp:accuracy_m>1.0</rrp:accuracy_m>
          <rrp:accel_x>0.000000</rrp:accel_x>
          <rrp:accel_y>0.000000</rrp:accel_y>
          <rrp:accel_z>18.243816</rrp:accel_z>
          <rrp:gyro_x>0.000000</rrp:gyro_x>
          <rrp:gyro_y>0.000000</rrp:gyro_y>
          <rrp:gyro_z>0.000000</rrp:gyro_z>
          <rrp:sensor_rate_hz>124.9</rrp:sensor_rate_hz>
        </extensions>
      </trkpt>
      <trkpt lat="30.6469622" lon="76.6955952">
        <time>2026-07-24T09:18:05.206Z</time>
        <hdop>99.00</hdop>
        <extensions>
          <gpxtpx:TrackPointExtension>
            <gpxtpx:speed>6.69</gpxtpx:speed>
            <gpxtpx:atemp>0.0</gpxtpx:atemp>
          </gpxtpx:TrackPointExtension>
          <rrp:iri>4.231</rrp:iri>
          <rrp:raw_iri>0.000</rrp:raw_iri>
          <rrp:iri_class>C</rrp:iri_class>
          <rrp:quality>0.500</rrp:quality>
          <rrp:satellites>64</rrp:satellites>
          <rrp:speed_kmh>24.1</rrp:speed_kmh>
          <rrp:accuracy_m>1.0</rrp:accuracy_m>
          <rrp:accel_x>0.000000</rrp:accel_x>
          <rrp:accel_y>0.000000</rrp:accel_y>
          <rrp:accel_z>11.252748</rrp:accel_z>
          <rrp:gyro_x>0.000000</rrp:gyro_x>
          <rrp:gyro_y>0.000000</rrp:gyro_y>
          <rrp:gyro_z>0.000000</rrp:gyro_z>
          <rrp:sensor_rate_hz>124.9</rrp:sensor_rate_hz>
        </extensions>
      </trkpt>
      <trkpt lat="30.6468602" lon="76.6956834">
        <time>2026-07-24T09:18:07.176Z</time>
        <hdop>99.00</hdop>
        <extensions>
          <gpxtpx:TrackPointExtension>
            <gpxtpx:speed>6.95</gpxtpx:speed>
            <gpxtpx:atemp>0.0</gpxtpx:atemp>
          </gpxtpx:TrackPointExtension>
          <rrp:iri>1.610</rrp:iri>
          <rrp:raw_iri>0.000</rrp:raw_iri>
          <rrp:iri_class>A</rrp:iri_class>
          <rrp:quality>1.000</rrp:quality>
          <rrp:satellites>65</rrp:satellites>
          <rrp:speed_kmh>25.0</rrp:speed_kmh>
          <rrp:accuracy_m>1.0</rrp:accuracy_m>
          <rrp:accel_x>0.000000</rrp:accel_x>
          <rrp:accel_y>0.000000</rrp:accel_y>
          <rrp:accel_z>14.240712</rrp:accel_z>
          <rrp:gyro_x>0.000000</rrp:gyro_x>
          <rrp:gyro_y>0.000000</rrp:gyro_y>
          <rrp:gyro_z>0.000000</rrp:gyro_z>
          <rrp:sensor_rate_hz>124.9</rrp:sensor_rate_hz>
        </extensions>
      </trkpt>
      <trkpt lat="30.6467608" lon="76.6957679">
        <time>2026-07-24T09:18:09.216Z</time>
        <hdop>99.00</hdop>
        <extensions>
          <gpxtpx:TrackPointExtension>
            <gpxtpx:speed>7.08</gpxtpx:speed>
            <gpxtpx:atemp>0.0</gpxtpx:atemp>
          </gpxtpx:TrackPointExtension>
          <rrp:iri>4.302</rrp:iri>
          <rrp:raw_iri>0.000</rrp:raw_iri>
          <rrp:iri_class>C</rrp:iri_class>
          <rrp:quality>1.000</rrp:quality>
          <rrp:satellites>66</rrp:satellites>
          <rrp:speed_kmh>25.5</rrp:speed_kmh>
          <rrp:accuracy_m>1.0</rrp:accuracy_m>
          <rrp:accel_x>0.000000</rrp:accel_x>
          <rrp:accel_y>0.000000</rrp:accel_y>
          <rrp:accel_z>14.889541</rrp:accel_z>
          <rrp:gyro_x>0.000000</rrp:gyro_x>
          <rrp:gyro_y>0.000000</rrp:gyro_y>
          <rrp:gyro_z>0.000000</rrp:gyro_z>
          <rrp:sensor_rate_hz>125.3</rrp:sensor_rate_hz>
        </extensions>
      </trkpt>
      <trkpt lat="30.6466581" lon="76.6958574">
        <time>2026-07-24T09:18:11.177Z</time>
        <hdop>99.00</hdop>
        <extensions>
          <gpxtpx:TrackPointExtension>
            <gpxtpx:speed>7.00</gpxtpx:speed>
            <gpxtpx:atemp>0.0</gpxtpx:atemp>
          </gpxtpx:TrackPointExtension>
          <rrp:iri>4.864</rrp:iri>
          <rrp:raw_iri>0.000</rrp:raw_iri>
          <rrp:iri_class>C</rrp:iri_class>
          <rrp:quality>1.000</rrp:quality>
          <rrp:satellites>66</rrp:satellites>
          <rrp:speed_kmh>25.2</rrp:speed_kmh>
          <rrp:accuracy_m>1.0</rrp:accuracy_m>
          <rrp:accel_x>0.000000</rrp:accel_x>
          <rrp:accel_y>0.000000</rrp:accel_y>
          <rrp:accel_z>19.934124</rrp:accel_z>
          <rrp:gyro_x>0.000000</rrp:gyro_x>
          <rrp:gyro_y>0.000000</rrp:gyro_y>
          <rrp:gyro_z>0.000000</rrp:gyro_z>
          <rrp:sensor_rate_hz>124.5</rrp:sensor_rate_hz>
        </extensions>
      </trkpt>
      <trkpt lat="30.6465757" lon="76.6959155">
        <time>2026-07-24T09:18:13.206Z</time>
        <hdop>99.00</hdop>
        <extensions>
          <gpxtpx:TrackPointExtension>
            <gpxtpx:speed>4.53</gpxtpx:speed>
            <gpxtpx:atemp>0.0</gpxtpx:atemp>
          </gpxtpx:TrackPointExtension>
          <rrp:iri>3.940</rrp:iri>
          <rrp:raw_iri>0.000</rrp:raw_iri>
          <rrp:iri_class>B</rrp:iri_class>
          <rrp:quality>1.000</rrp:quality>
          <rrp:satellites>66</rrp:satellites>
          <rrp:speed_kmh>16.3</rrp:speed_kmh>
          <rrp:accuracy_m>1.0</rrp:accuracy_m>
          <rrp:accel_x>0.000000</rrp:accel_x>
          <rrp:accel_y>0.000000</rrp:accel_y>
          <rrp:accel_z>12.243947</rrp:accel_z>
          <rrp:gyro_x>0.000000</rrp:gyro_x>
          <rrp:gyro_y>0.000000</rrp:gyro_y>
          <rrp:gyro_z>0.000000</rrp:gyro_z>
          <rrp:sensor_rate_hz>125.0</rrp:sensor_rate_hz>
        </extensions>
      </trkpt>
      <trkpt lat="30.6464929" lon="76.6959782">
        <time>2026-07-24T09:18:16.202Z</time>
        <hdop>99.00</hdop>
        <extensions>
          <gpxtpx:TrackPointExtension>
            <gpxtpx:speed>3.84</gpxtpx:speed>
            <gpxtpx:atemp>0.0</gpxtpx:atemp>
          </gpxtpx:TrackPointExtension>
          <rrp:iri>6.447</rrp:iri>
          <rrp:raw_iri>0.000</rrp:raw_iri>
          <rrp:iri_class>D</rrp:iri_class>
          <rrp:quality>1.000</rrp:quality>
          <rrp:satellites>65</rrp:satellites>
          <rrp:speed_kmh>13.8</rrp:speed_kmh>
          <rrp:accuracy_m>1.0</rrp:accuracy_m>
          <rrp:accel_x>0.000000</rrp:accel_x>
          <rrp:accel_y>0.000000</rrp:accel_y>
          <rrp:accel_z>19.608511</rrp:accel_z>
          <rrp:gyro_x>0.000000</rrp:gyro_x>
          <rrp:gyro_y>0.000000</rrp:gyro_y>
          <rrp:gyro_z>0.000000</rrp:gyro_z>
          <rrp:sensor_rate_hz>125.4</rrp:sensor_rate_hz>
        </extensions>
      </trkpt>
      <trkpt lat="30.6464181" lon="76.6960405">
        <time>2026-07-24T09:18:19.206Z</time>
        <hdop>99.00</hdop>
        <extensions>
          <gpxtpx:TrackPointExtension>
            <gpxtpx:speed>3.24</gpxtpx:speed>
            <gpxtpx:atemp>0.0</gpxtpx:atemp>
          </gpxtpx:TrackPointExtension>
          <rrp:iri>19.140</rrp:iri>
          <rrp:raw_iri>0.000</rrp:raw_iri>
          <rrp:iri_class>E</rrp:iri_class>
          <rrp:quality>0.377</rrp:quality>
          <rrp:satellites>65</rrp:satellites>
          <rrp:speed_kmh>11.7</rrp:speed_kmh>
          <rrp:accuracy_m>1.1</rrp:accuracy_m>
          <rrp:accel_x>0.000000</rrp:accel_x>
          <rrp:accel_y>0.000000</rrp:accel_y>
          <rrp:accel_z>19.376274</rrp:accel_z>
          <rrp:gyro_x>0.000000</rrp:gyro_x>
          <rrp:gyro_y>0.000000</rrp:gyro_y>
          <rrp:gyro_z>0.000000</rrp:gyro_z>
          <rrp:sensor_rate_hz>124.9</rrp:sensor_rate_hz>
        </extensions>
      </trkpt>
      <trkpt lat="30.6463390" lon="76.6961201">
        <time>2026-07-24T09:18:23.214Z</time>
        <hdop>99.00</hdop>
        <extensions>
          <gpxtpx:TrackPointExtension>
            <gpxtpx:speed>3.03</gpxtpx:speed>
            <gpxtpx:atemp>0.0</gpxtpx:atemp>
          </gpxtpx:TrackPointExtension>
          <rrp:iri>31.634</rrp:iri>
          <rrp:raw_iri>0.000</rrp:raw_iri>
          <rrp:iri_class>E</rrp:iri_class>
          <rrp:quality>0.360</rrp:quality>
          <rrp:satellites>66</rrp:satellites>
          <rrp:speed_kmh>10.9</rrp:speed_kmh>
          <rrp:accuracy_m>1.4</rrp:accuracy_m>
          <rrp:accel_x>0.000000</rrp:accel_x>
          <rrp:accel_y>0.000000</rrp:accel_y>
          <rrp:accel_z>25.182213</rrp:accel_z>
          <rrp:gyro_x>0.000000</rrp:gyro_x>
          <rrp:gyro_y>0.000000</rrp:gyro_y>
          <rrp:gyro_z>0.000000</rrp:gyro_z>
          <rrp:sensor_rate_hz>125.4</rrp:sensor_rate_hz>
        </extensions>
      </trkpt>
      <trkpt lat="30.6462776" lon="76.6962043">
        <time>2026-07-24T09:18:27.201Z</time>
        <hdop>99.00</hdop>
        <extensions>
          <gpxtpx:TrackPointExtension>
            <gpxtpx:speed>2.63</gpxtpx:speed>
            <gpxtpx:atemp>0.0</gpxtpx:atemp>
          </gpxtpx:TrackPointExtension>
          <rrp:iri>34.912</rrp:iri>
          <rrp:raw_iri>0.000</rrp:raw_iri>
          <rrp:iri_class>E</rrp:iri_class>
          <rrp:quality>0.344</rrp:quality>
          <rrp:satellites>65</rrp:satellites>
          <rrp:speed_kmh>9.5</rrp:speed_kmh>
          <rrp:accuracy_m>1.5</rrp:accuracy_m>
          <rrp:accel_x>0.000000</rrp:accel_x>
          <rrp:accel_y>0.000000</rrp:accel_y>
          <rrp:accel_z>16.333244</rrp:accel_z>
          <rrp:gyro_x>0.000000</rrp:gyro_x>
          <rrp:gyro_y>0.000000</rrp:gyro_y>
          <rrp:gyro_z>0.000000</rrp:gyro_z>
          <rrp:sensor_rate_hz>124.8</rrp:sensor_rate_hz>
        </extensions>
      </trkpt>
      <trkpt lat="30.6461751" lon="76.6962635">
        <time>2026-07-24T09:18:31.221Z</time>
        <hdop>99.00</hdop>
        <extensions>
          <gpxtpx:TrackPointExtension>
            <gpxtpx:speed>2.98</gpxtpx:speed>
            <gpxtpx:atemp>0.0</gpxtpx:atemp>
          </gpxtpx:TrackPointExtension>
          <rrp:iri>33.611</rrp:iri>
          <rrp:raw_iri>0.000</rrp:raw_iri>
          <rrp:iri_class>E</rrp:iri_class>
          <rrp:quality>0.344</rrp:quality>
          <rrp:satellites>66</rrp:satellites>
          <rrp:speed_kmh>10.7</rrp:speed_kmh>
          <rrp:accuracy_m>1.5</rrp:accuracy_m>
          <rrp:accel_x>0.000000</rrp:accel_x>
          <rrp:accel_y>0.000000</rrp:accel_y>
          <rrp:accel_z>16.455349</rrp:accel_z>
          <rrp:gyro_x>0.000000</rrp:gyro_x>
          <rrp:gyro_y>0.000000</rrp:gyro_y>
          <rrp:gyro_z>0.000000</rrp:gyro_z>
          <rrp:sensor_rate_hz>124.9</rrp:sensor_rate_hz>
        </extensions>
      </trkpt>
      <trkpt lat="30.6460863" lon="76.6962429">
        <time>2026-07-24T09:18:34.183Z</time>
        <hdop>99.00</hdop>
        <extensions>
          <gpxtpx:TrackPointExtension>
            <gpxtpx:speed>3.48</gpxtpx:speed>
            <gpxtpx:atemp>0.0</gpxtpx:atemp>
          </gpxtpx:TrackPointExtension>
          <rrp:iri>31.921</rrp:iri>
          <rrp:raw_iri>0.000</rrp:raw_iri>
          <rrp:iri_class>E</rrp:iri_class>
          <rrp:quality>0.350</rrp:quality>
          <rrp:satellites>66</rrp:satellites>
          <rrp:speed_kmh>12.5</rrp:speed_kmh>
          <rrp:accuracy_m>1.5</rrp:accuracy_m>
          <rrp:accel_x>0.000000</rrp:accel_x>
          <rrp:accel_y>0.000000</rrp:accel_y>
          <rrp:accel_z>15.358804</rrp:accel_z>
          <rrp:gyro_x>0.000000</rrp:gyro_x>
          <rrp:gyro_y>0.000000</rrp:gyro_y>
          <rrp:gyro_z>0.000000</rrp:gyro_z>
          <rrp:sensor_rate_hz>125.0</rrp:sensor_rate_hz>
        </extensions>
      </trkpt>
      <trkpt lat="30.6460186" lon="76.6960969">
        <time>2026-07-24T09:18:37.219Z</time>
        <hdop>99.00</hdop>
        <extensions>
          <gpxtpx:TrackPointExtension>
            <gpxtpx:speed>5.05</gpxtpx:speed>
            <gpxtpx:atemp>0.0</gpxtpx:atemp>
          </gpxtpx:TrackPointExtension>
          <rrp:iri>19.712</rrp:iri>
          <rrp:raw_iri>0.000</rrp:raw_iri>
          <rrp:iri_class>E</rrp:iri_class>
          <rrp:quality>0.418</rrp:quality>
          <rrp:satellites>66</rrp:satellites>
          <rrp:speed_kmh>18.2</rrp:speed_kmh>
          <rrp:accuracy_m>1.5</rrp:accuracy_m>
          <rrp:accel_x>0.000000</rrp:accel_x>
          <rrp:accel_y>0.000000</rrp:accel_y>
          <rrp:accel_z>12.052411</rrp:accel_z>
          <rrp:gyro_x>0.000000</rrp:gyro_x>
          <rrp:gyro_y>0.000000</rrp:gyro_y>
          <rrp:gyro_z>0.000000</rrp:gyro_z>
          <rrp:sensor_rate_hz>124.9</rrp:sensor_rate_hz>
        </extensions>
      </trkpt>
      <trkpt lat="30.6459885" lon="76.6959581">
        <time>2026-07-24T09:18:39.185Z</time>
        <hdop>99.00</hdop>
        <extensions>
          <gpxtpx:TrackPointExtension>
            <gpxtpx:speed>7.55</gpxtpx:speed>
            <gpxtpx:atemp>0.0</gpxtpx:atemp>
          </gpxtpx:TrackPointExtension>
          <rrp:iri>5.800</rrp:iri>
          <rrp:raw_iri>0.000</rrp:raw_iri>
          <rrp:iri_class>C</rrp:iri_class>
          <rrp:quality>0.418</rrp:quality>
          <rrp:satellites>65</rrp:satellites>
          <rrp:speed_kmh>27.2</rrp:speed_kmh>
          <rrp:accuracy_m>1.4</rrp:accuracy_m>
          <rrp:accel_x>0.000000</rrp:accel_x>
          <rrp:accel_y>0.000000</rrp:accel_y>
          <rrp:accel_z>11.664551</rrp:accel_z>
          <rrp:gyro_x>0.000000</rrp:gyro_x>
          <rrp:gyro_y>0.000000</rrp:gyro_y>
          <rrp:gyro_z>0.000000</rrp:gyro_z>
          <rrp:sensor_rate_hz>124.9</rrp:sensor_rate_hz>
        </extensions>
      </trkpt>
      <trkpt lat="30.6459585" lon="76.6957670">
        <time>2026-07-24T09:18:41.230Z</time>
        <hdop>99.00</hdop>
        <extensions>
          <gpxtpx:TrackPointExtension>
            <gpxtpx:speed>9.96</gpxtpx:speed>
            <gpxtpx:atemp>0.0</gpxtpx:atemp>
          </gpxtpx:TrackPointExtension>
          <rrp:iri>3.195</rrp:iri>
          <rrp:raw_iri>0.000</rrp:raw_iri>
          <rrp:iri_class>B</rrp:iri_class>
          <rrp:quality>0.418</rrp:quality>
          <rrp:satellites>65</rrp:satellites>
          <rrp:speed_kmh>35.9</rrp:speed_kmh>
          <rrp:accuracy_m>1.4</rrp:accuracy_m>
          <rrp:accel_x>0.000000</rrp:accel_x>
          <rrp:accel_y>0.000000</rrp:accel_y>
          <rrp:accel_z>12.852075</rrp:accel_z>
          <rrp:gyro_x>0.000000</rrp:gyro_x>
          <rrp:gyro_y>0.000000</rrp:gyro_y>
          <rrp:gyro_z>0.000000</rrp:gyro_z>
          <rrp:sensor_rate_hz>124.9</rrp:sensor_rate_hz>
        </extensions>
      </trkpt>
      <trkpt lat="30.6459405" lon="76.6956517">
        <time>2026-07-24T09:18:42.196Z</time>
        <hdop>99.00</hdop>
        <extensions>
          <gpxtpx:TrackPointExtension>
            <gpxtpx:speed>11.83</gpxtpx:speed>
            <gpxtpx:atemp>0.0</gpxtpx:atemp>
          </gpxtpx:TrackPointExtension>
          <rrp:iri>1.656</rrp:iri>
          <rrp:raw_iri>0.000</rrp:raw_iri>
          <rrp:iri_class>A</rrp:iri_class>
          <rrp:quality>1.000</rrp:quality>
          <rrp:satellites>64</rrp:satellites>
          <rrp:speed_kmh>42.6</rrp:speed_kmh>
          <rrp:accuracy_m>1.3</rrp:accuracy_m>
          <rrp:accel_x>0.000000</rrp:accel_x>
          <rrp:accel_y>0.000000</rrp:accel_y>
          <rrp:accel_z>13.204022</rrp:accel_z>
          <rrp:gyro_x>0.000000</rrp:gyro_x>
          <rrp:gyro_y>0.000000</rrp:gyro_y>
          <rrp:gyro_z>0.000000</rrp:gyro_z>
          <rrp:sensor_rate_hz>124.9</rrp:sensor_rate_hz>
        </extensions>
      </trkpt>
      <trkpt lat="30.6459266" lon="76.6955326">
        <time>2026-07-24T09:18:43.175Z</time>
        <hdop>99.00</hdop>
        <extensions>
          <gpxtpx:TrackPointExtension>
            <gpxtpx:speed>11.69</gpxtpx:speed>
            <gpxtpx:atemp>0.0</gpxtpx:atemp>
          </gpxtpx:TrackPointExtension>
          <rrp:iri>2.119</rrp:iri>
          <rrp:raw_iri>0.000</rrp:raw_iri>
          <rrp:iri_class>B</rrp:iri_class>
          <rrp:quality>1.000</rrp:quality>
          <rrp:satellites>64</rrp:satellites>
          <rrp:speed_kmh>42.1</rrp:speed_kmh>
          <rrp:accuracy_m>1.2</rrp:accuracy_m>
          <rrp:accel_x>0.000000</rrp:accel_x>
          <rrp:accel_y>0.000000</rrp:accel_y>
          <rrp:accel_z>23.748087</rrp:accel_z>
          <rrp:gyro_x>0.000000</rrp:gyro_x>
          <rrp:gyro_y>0.000000</rrp:gyro_y>
          <rrp:gyro_z>0.000000</rrp:gyro_z>
          <rrp:sensor_rate_hz>124.9</rrp:sensor_rate_hz>
        </extensions>
      </trkpt>
      <trkpt lat="30.6459111" lon="76.6954153">
        <time>2026-07-24T09:18:44.192Z</time>
        <hdop>99.00</hdop>
        <extensions>
          <gpxtpx:TrackPointExtension>
            <gpxtpx:speed>10.99</gpxtpx:speed>
            <gpxtpx:atemp>0.0</gpxtpx:atemp>
          </gpxtpx:TrackPointExtension>
          <rrp:iri>2.837</rrp:iri>
          <rrp:raw_iri>0.000</rrp:raw_iri>
          <rrp:iri_class>B</rrp:iri_class>
          <rrp:quality>1.000</rrp:quality>
          <rrp:satellites>64</rrp:satellites>
          <rrp:speed_kmh>39.6</rrp:speed_kmh>
          <rrp:accuracy_m>1.2</rrp:accuracy_m>
          <rrp:accel_x>0.000000</rrp:accel_x>
          <rrp:accel_y>0.000000</rrp:accel_y>
          <rrp:accel_z>10.529699</rrp:accel_z>
          <rrp:gyro_x>0.000000</rrp:gyro_x>
          <rrp:gyro_y>0.000000</rrp:gyro_y>
          <rrp:gyro_z>0.000000</rrp:gyro_z>
          <rrp:sensor_rate_hz>125.5</rrp:sensor_rate_hz>
        </extensions>
      </trkpt>
      <trkpt lat="30.6459032" lon="76.6953023">
        <time>2026-07-24T09:18:45.198Z</time>
        <hdop>99.00</hdop>
        <extensions>
          <gpxtpx:TrackPointExtension>
            <gpxtpx:speed>10.81</gpxtpx:speed>
            <gpxtpx:atemp>0.0</gpxtpx:atemp>
          </gpxtpx:TrackPointExtension>
          <rrp:iri>1.655</rrp:iri>
          <rrp:raw_iri>0.000</rrp:raw_iri>
          <rrp:iri_class>A</rrp:iri_class>
          <rrp:quality>1.000</rrp:quality>
          <rrp:satellites>62</rrp:satellites>
          <rrp:speed_kmh>38.9</rrp:speed_kmh>
          <rrp:accuracy_m>1.1</rrp:accuracy_m>
          <rrp:accel_x>0.000000</rrp:accel_x>
          <rrp:accel_y>0.000000</rrp:accel_y>
          <rrp:accel_z>10.958261</rrp:accel_z>
          <rrp:gyro_x>0.000000</rrp:gyro_x>
          <rrp:gyro_y>0.000000</rrp:gyro_y>
          <rrp:gyro_z>0.000000</rrp:gyro_z>
          <rrp:sensor_rate_hz>124.5</rrp:sensor_rate_hz>
        </extensions>
      </trkpt>
      <trkpt lat="30.6458965" lon="76.6951913">
        <time>2026-07-24T09:18:46.199Z</time>
        <hdop>99.00</hdop>
        <extensions>
          <gpxtpx:TrackPointExtension>
            <gpxtpx:speed>10.57</gpxtpx:speed>
            <gpxtpx:atemp>0.0</gpxtpx:atemp>
          </gpxtpx:TrackPointExtension>
          <rrp:iri>0.798</rrp:iri>
          <rrp:raw_iri>0.000</rrp:raw_iri>
          <rrp:iri_class>A</rrp:iri_class>
          <rrp:quality>1.000</rrp:quality>
          <rrp:satellites>62</rrp:satellites>
          <rrp:speed_kmh>38.1</rrp:speed_kmh>
          <rrp:accuracy_m>1.0</rrp:accuracy_m>
          <rrp:accel_x>0.000000</rrp:accel_x>
          <rrp:accel_y>0.000000</rrp:accel_y>
          <rrp:accel_z>17.362751</rrp:accel_z>
          <rrp:gyro_x>0.000000</rrp:gyro_x>
          <rrp:gyro_y>0.000000</rrp:gyro_y>
          <rrp:gyro_z>0.000000</rrp:gyro_z>
          <rrp:sensor_rate_hz>124.5</rrp:sensor_rate_hz>
        </extensions>
      </trkpt>
      <trkpt lat="30.6458863" lon="76.6950850">
        <time>2026-07-24T09:18:47.165Z</time>
        <hdop>99.00</hdop>
        <extensions>
          <gpxtpx:TrackPointExtension>
            <gpxtpx:speed>10.24</gpxtpx:speed>
            <gpxtpx:atemp>0.0</gpxtpx:atemp>
          </gpxtpx:TrackPointExtension>
          <rrp:iri>1.814</rrp:iri>
          <rrp:raw_iri>0.000</rrp:raw_iri>
          <rrp:iri_class>A</rrp:iri_class>
          <rrp:quality>1.000</rrp:quality>
          <rrp:satellites>62</rrp:satellites>
          <rrp:speed_kmh>36.9</rrp:speed_kmh>
          <rrp:accuracy_m>1.0</rrp:accuracy_m>
          <rrp:accel_x>0.000000</rrp:accel_x>
          <rrp:accel_y>0.000000</rrp:accel_y>
          <rrp:accel_z>21.313183</rrp:accel_z>
          <rrp:gyro_x>0.000000</rrp:gyro_x>
          <rrp:gyro_y>0.000000</rrp:gyro_y>
          <rrp:gyro_z>0.000000</rrp:gyro_z>
          <rrp:sensor_rate_hz>124.5</rrp:sensor_rate_hz>
        </extensions>
      </trkpt>
      <trkpt lat="30.6458790" lon="76.6949790">
        <time>2026-07-24T09:18:48.187Z</time>
        <hdop>99.00</hdop>
        <extensions>
          <gpxtpx:TrackPointExtension>
            <gpxtpx:speed>9.94</gpxtpx:speed>
            <gpxtpx:atemp>0.0</gpxtpx:atemp>
          </gpxtpx:TrackPointExtension>
          <rrp:iri>2.325</rrp:iri>
          <rrp:raw_iri>0.000</rrp:raw_iri>
          <rrp:iri_class>B</rrp:iri_class>
          <rrp:quality>1.000</rrp:quality>
          <rrp:satellites>61</rrp:satellites>
          <rrp:speed_kmh>35.8</rrp:speed_kmh>
          <rrp:accuracy_m>1.0</rrp:accuracy_m>
          <rrp:accel_x>0.000000</rrp:accel_x>
          <rrp:accel_y>0.000000</rrp:accel_y>
          <rrp:accel_z>17.707516</rrp:accel_z>
          <rrp:gyro_x>0.000000</rrp:gyro_x>
          <rrp:gyro_y>0.000000</rrp:gyro_y>
          <rrp:gyro_z>0.000000</rrp:gyro_z>
          <rrp:sensor_rate_hz>124.9</rrp:sensor_rate_hz>
        </extensions>
      </trkpt>
      <trkpt lat="30.6458576" lon="76.6947743">
        <time>2026-07-24T09:18:50.178Z</time>
        <hdop>99.00</hdop>
        <extensions>
          <gpxtpx:TrackPointExtension>
            <gpxtpx:speed>10.00</gpxtpx:speed>
            <gpxtpx:atemp>0.0</gpxtpx:atemp>
          </gpxtpx:TrackPointExtension>
          <rrp:iri>2.311</rrp:iri>
          <rrp:raw_iri>0.000</rrp:raw_iri>
          <rrp:iri_class>B</rrp:iri_class>
          <rrp:quality>1.000</rrp:quality>
          <rrp:satellites>62</rrp:satellites>
          <rrp:speed_kmh>36.0</rrp:speed_kmh>
          <rrp:accuracy_m>1.0</rrp:accuracy_m>
          <rrp:accel_x>0.000000</rrp:accel_x>
          <rrp:accel_y>0.000000</rrp:accel_y>
          <rrp:accel_z>20.219034</rrp:accel_z>
          <rrp:gyro_x>0.000000</rrp:gyro_x>
          <rrp:gyro_y>0.000000</rrp:gyro_y>
          <rrp:gyro_z>0.000000</rrp:gyro_z>
          <rrp:sensor_rate_hz>125.0</rrp:sensor_rate_hz>
        </extensions>
      </trkpt>
      <trkpt lat="30.6458394" lon="76.6945762">
        <time>2026-07-24T09:18:52.199Z</time>
        <hdop>99.00</hdop>
        <extensions>
          <gpxtpx:TrackPointExtension>
            <gpxtpx:speed>9.56</gpxtpx:speed>
            <gpxtpx:atemp>0.0</gpxtpx:atemp>
          </gpxtpx:TrackPointExtension>
          <rrp:iri>2.269</rrp:iri>
          <rrp:raw_iri>0.000</rrp:raw_iri>
          <rrp:iri_class>B</rrp:iri_class>
          <rrp:quality>1.000</rrp:quality>
          <rrp:satellites>62</rrp:satellites>
          <rrp:speed_kmh>34.4</rrp:speed_kmh>
          <rrp:accuracy_m>1.0</rrp:accuracy_m>
          <rrp:accel_x>0.000000</rrp:accel_x>
          <rrp:accel_y>0.000000</rrp:accel_y>
          <rrp:accel_z>16.907852</rrp:accel_z>
          <rrp:gyro_x>0.000000</rrp:gyro_x>
          <rrp:gyro_y>0.000000</rrp:gyro_y>
          <rrp:gyro_z>0.000000</rrp:gyro_z>
          <rrp:sensor_rate_hz>125.4</rrp:sensor_rate_hz>
        </extensions>
      </trkpt>
      <trkpt lat="30.6458230" lon="76.6943801">
        <time>2026-07-24T09:18:54.198Z</time>
        <hdop>99.00</hdop>
        <extensions>
          <gpxtpx:TrackPointExtension>
            <gpxtpx:speed>9.51</gpxtpx:speed>
            <gpxtpx:atemp>0.0</gpxtpx:atemp>
          </gpxtpx:TrackPointExtension>
          <rrp:iri>2.444</rrp:iri>
          <rrp:raw_iri>0.000</rrp:raw_iri>
          <rrp:iri_class>B</rrp:iri_class>
          <rrp:quality>1.000</rrp:quality>
          <rrp:satellites>63</rrp:satellites>
          <rrp:speed_kmh>34.2</rrp:speed_kmh>
          <rrp:accuracy_m>1.0</rrp:accuracy_m>
          <rrp:accel_x>0.000000</rrp:accel_x>
          <rrp:accel_y>0.000000</rrp:accel_y>
          <rrp:accel_z>18.145655</rrp:accel_z>
          <rrp:gyro_x>0.000000</rrp:gyro_x>
          <rrp:gyro_y>0.000000</rrp:gyro_y>
          <rrp:gyro_z>0.000000</rrp:gyro_z>
          <rrp:sensor_rate_hz>125.0</rrp:sensor_rate_hz>
        </extensions>
      </trkpt>
      <trkpt lat="30.6458062" lon="76.6941844">
        <time>2026-07-24T09:18:56.262Z</time>
        <hdop>99.00</hdop>
        <extensions>
          <gpxtpx:TrackPointExtension>
            <gpxtpx:speed>9.31</gpxtpx:speed>
            <gpxtpx:atemp>0.0</gpxtpx:atemp>
          </gpxtpx:TrackPointExtension>
          <rrp:iri>1.667</rrp:iri>
          <rrp:raw_iri>0.000</rrp:raw_iri>
          <rrp:iri_class>A</rrp:iri_class>
          <rrp:quality>1.000</rrp:quality>
          <rrp:satellites>63</rrp:satellites>
          <rrp:speed_kmh>33.5</rrp:speed_kmh>
          <rrp:accuracy_m>1.0</rrp:accuracy_m>
          <rrp:accel_x>0.000000</rrp:accel_x>
          <rrp:accel_y>0.000000</rrp:accel_y>
          <rrp:accel_z>17.207129</rrp:accel_z>
          <rrp:gyro_x>0.000000</rrp:gyro_x>
          <rrp:gyro_y>0.000000</rrp:gyro_y>
          <rrp:gyro_z>0.000000</rrp:gyro_z>
          <rrp:sensor_rate_hz>125.0</rrp:sensor_rate_hz>
        </extensions>
      </trkpt>
      <trkpt lat="30.6457847" lon="76.6939854">
        <time>2026-07-24T09:18:58.191Z</time>
        <hdop>99.00</hdop>
        <extensions>
          <gpxtpx:TrackPointExtension>
            <gpxtpx:speed>9.58</gpxtpx:speed>
            <gpxtpx:atemp>0.0</gpxtpx:atemp>
          </gpxtpx:TrackPointExtension>
          <rrp:iri>1.564</rrp:iri>
          <rrp:raw_iri>0.000</rrp:raw_iri>
          <rrp:iri_class>A</rrp:iri_class>
          <rrp:quality>0.500</rrp:quality>
          <rrp:satellites>63</rrp:satellites>
          <rrp:speed_kmh>34.5</rrp:speed_kmh>
          <rrp:accuracy_m>1.0</rrp:accuracy_m>
          <rrp:accel_x>0.000000</rrp:accel_x>
          <rrp:accel_y>0.000000</rrp:accel_y>
          <rrp:accel_z>11.743559</rrp:accel_z>
          <rrp:gyro_x>0.000000</rrp:gyro_x>
          <rrp:gyro_y>0.000000</rrp:gyro_y>
          <rrp:gyro_z>0.000000</rrp:gyro_z>
          <rrp:sensor_rate_hz>124.9</rrp:sensor_rate_hz>
        </extensions>
      </trkpt>
      <trkpt lat="30.6457655" lon="76.6937860">
        <time>2026-07-24T09:19:00.187Z</time>
        <hdop>99.00</hdop>
        <extensions>
          <gpxtpx:TrackPointExtension>
            <gpxtpx:speed>9.67</gpxtpx:speed>
            <gpxtpx:atemp>0.0</gpxtpx:atemp>
          </gpxtpx:TrackPointExtension>
          <rrp:iri>1.449</rrp:iri>
          <rrp:raw_iri>0.000</rrp:raw_iri>
          <rrp:iri_class>A</rrp:iri_class>
          <rrp:quality>0.500</rrp:quality>
          <rrp:satellites>61</rrp:satellites>
          <rrp:speed_kmh>34.8</rrp:speed_kmh>
          <rrp:accuracy_m>1.0</rrp:accuracy_m>
          <rrp:accel_x>0.000000</rrp:accel_x>
          <rrp:accel_y>0.000000</rrp:accel_y>
          <rrp:accel_z>11.461043</rrp:accel_z>
          <rrp:gyro_x>0.000000</rrp:gyro_x>
          <rrp:gyro_y>0.000000</rrp:gyro_y>
          <rrp:gyro_z>0.000000</rrp:gyro_z>
          <rrp:sensor_rate_hz>124.9</rrp:sensor_rate_hz>
        </extensions>
      </trkpt>
      <trkpt lat="30.6457492" lon="76.6935867">
        <time>2026-07-24T09:19:02.182Z</time>
        <hdop>99.00</hdop>
        <extensions>
          <gpxtpx:TrackPointExtension>
            <gpxtpx:speed>9.38</gpxtpx:speed>
            <gpxtpx:atemp>0.0</gpxtpx:atemp>
          </gpxtpx:TrackPointExtension>
          <rrp:iri>0.858</rrp:iri>
          <rrp:raw_iri>0.000</rrp:raw_iri>
          <rrp:iri_class>A</rrp:iri_class>
          <rrp:quality>1.000</rrp:quality>
          <rrp:satellites>62</rrp:satellites>
          <rrp:speed_kmh>33.8</rrp:speed_kmh>
          <rrp:accuracy_m>1.0</rrp:accuracy_m>
          <rrp:accel_x>0.000000</rrp:accel_x>
          <rrp:accel_y>0.000000</rrp:accel_y>
          <rrp:accel_z>11.291056</rrp:accel_z>
          <rrp:gyro_x>0.000000</rrp:gyro_x>
          <rrp:gyro_y>0.000000</rrp:gyro_y>
          <rrp:gyro_z>0.000000</rrp:gyro_z>
          <rrp:sensor_rate_hz>124.9</rrp:sensor_rate_hz>
        </extensions>
      </trkpt>
      <trkpt lat="30.6457392" lon="76.6933920">
        <time>2026-07-24T09:19:04.168Z</time>
        <hdop>99.00</hdop>
        <extensions>
          <gpxtpx:TrackPointExtension>
            <gpxtpx:speed>9.49</gpxtpx:speed>
            <gpxtpx:atemp>0.0</gpxtpx:atemp>
          </gpxtpx:TrackPointExtension>
          <rrp:iri>1.293</rrp:iri>
          <rrp:raw_iri>0.000</rrp:raw_iri>
          <rrp:iri_class>A</rrp:iri_class>
          <rrp:quality>1.000</rrp:quality>
          <rrp:satellites>62</rrp:satellites>
          <rrp:speed_kmh>34.2</rrp:speed_kmh>
          <rrp:accuracy_m>1.0</rrp:accuracy_m>
          <rrp:accel_x>0.000000</rrp:accel_x>
          <rrp:accel_y>0.000000</rrp:accel_y>
          <rrp:accel_z>24.801535</rrp:accel_z>
          <rrp:gyro_x>0.000000</rrp:gyro_x>
          <rrp:gyro_y>0.000000</rrp:gyro_y>
          <rrp:gyro_z>0.000000</rrp:gyro_z>
          <rrp:sensor_rate_hz>125.3</rrp:sensor_rate_hz>
        </extensions>
      </trkpt>
      <trkpt lat="30.6457301" lon="76.6931924">
        <time>2026-07-24T09:19:06.196Z</time>
        <hdop>99.00</hdop>
        <extensions>
          <gpxtpx:TrackPointExtension>
            <gpxtpx:speed>9.47</gpxtpx:speed>
            <gpxtpx:atemp>0.0</gpxtpx:atemp>
          </gpxtpx:TrackPointExtension>
          <rrp:iri>2.789</rrp:iri>
          <rrp:raw_iri>0.000</rrp:raw_iri>
          <rrp:iri_class>B</rrp:iri_class>
          <rrp:quality>1.000</rrp:quality>
          <rrp:satellites>63</rrp:satellites>
          <rrp:speed_kmh>34.1</rrp:speed_kmh>
          <rrp:accuracy_m>1.0</rrp:accuracy_m>
          <rrp:accel_x>0.000000</rrp:accel_x>
          <rrp:accel_y>0.000000</rrp:accel_y>
          <rrp:accel_z>20.697874</rrp:accel_z>
          <rrp:gyro_x>0.000000</rrp:gyro_x>
          <rrp:gyro_y>0.000000</rrp:gyro_y>
          <rrp:gyro_z>0.000000</rrp:gyro_z>
          <rrp:sensor_rate_hz>124.9</rrp:sensor_rate_hz>
        </extensions>
      </trkpt>
      <trkpt lat="30.6457205" lon="76.6929986">
        <time>2026-07-24T09:19:08.203Z</time>
        <hdop>99.00</hdop>
        <extensions>
          <gpxtpx:TrackPointExtension>
            <gpxtpx:speed>9.43</gpxtpx:speed>
            <gpxtpx:atemp>0.0</gpxtpx:atemp>
          </gpxtpx:TrackPointExtension>
          <rrp:iri>3.644</rrp:iri>
          <rrp:raw_iri>0.000</rrp:raw_iri>
          <rrp:iri_class>B</rrp:iri_class>
          <rrp:quality>1.000</rrp:quality>
          <rrp:satellites>64</rrp:satellites>
          <rrp:speed_kmh>34.0</rrp:speed_kmh>
          <rrp:accuracy_m>1.0</rrp:accuracy_m>
          <rrp:accel_x>0.000000</rrp:accel_x>
          <rrp:accel_y>0.000000</rrp:accel_y>
          <rrp:accel_z>25.031380</rrp:accel_z>
          <rrp:gyro_x>0.000000</rrp:gyro_x>
          <rrp:gyro_y>0.000000</rrp:gyro_y>
          <rrp:gyro_z>0.000000</rrp:gyro_z>
          <rrp:sensor_rate_hz>124.8</rrp:sensor_rate_hz>
        </extensions>
      </trkpt>
      <trkpt lat="30.6457063" lon="76.6927960">
        <time>2026-07-24T09:19:10.165Z</time>
        <hdop>99.00</hdop>
        <extensions>
          <gpxtpx:TrackPointExtension>
            <gpxtpx:speed>9.65</gpxtpx:speed>
            <gpxtpx:atemp>0.0</gpxtpx:atemp>
          </gpxtpx:TrackPointExtension>
          <rrp:iri>2.266</rrp:iri>
          <rrp:raw_iri>0.000</rrp:raw_iri>
          <rrp:iri_class>B</rrp:iri_class>
          <rrp:quality>1.000</rrp:quality>
          <rrp:satellites>64</rrp:satellites>
          <rrp:speed_kmh>34.8</rrp:speed_kmh>
          <rrp:accuracy_m>1.0</rrp:accuracy_m>
          <rrp:accel_x>0.000000</rrp:accel_x>
          <rrp:accel_y>0.000000</rrp:accel_y>
          <rrp:accel_z>22.285229</rrp:accel_z>
          <rrp:gyro_x>0.000000</rrp:gyro_x>
          <rrp:gyro_y>0.000000</rrp:gyro_y>
          <rrp:gyro_z>0.000000</rrp:gyro_z>
          <rrp:sensor_rate_hz>125.4</rrp:sensor_rate_hz>
        </extensions>
      </trkpt>
      <trkpt lat="30.6457006" lon="76.6926915">
        <time>2026-07-24T09:19:11.203Z</time>
        <hdop>99.00</hdop>
        <extensions>
          <gpxtpx:TrackPointExtension>
            <gpxtpx:speed>9.54</gpxtpx:speed>
            <gpxtpx:atemp>0.0</gpxtpx:atemp>
          </gpxtpx:TrackPointExtension>
          <rrp:iri>2.272</rrp:iri>
          <rrp:raw_iri>0.000</rrp:raw_iri>
          <rrp:iri_class>B</rrp:iri_class>
          <rrp:quality>1.000</rrp:quality>
          <rrp:satellites>65</rrp:satellites>
          <rrp:speed_kmh>34.3</rrp:speed_kmh>
          <rrp:accuracy_m>1.0</rrp:accuracy_m>
          <rrp:accel_x>0.000000</rrp:accel_x>
          <rrp:accel_y>0.000000</rrp:accel_y>
          <rrp:accel_z>20.341137</rrp:accel_z>
          <rrp:gyro_x>0.000000</rrp:gyro_x>
          <rrp:gyro_y>0.000000</rrp:gyro_y>
          <rrp:gyro_z>0.000000</rrp:gyro_z>
          <rrp:sensor_rate_hz>124.4</rrp:sensor_rate_hz>
        </extensions>
      </trkpt>
      <trkpt lat="30.6456897" lon="76.6924854">
        <time>2026-07-24T09:19:13.174Z</time>
        <hdop>99.00</hdop>
        <extensions>
          <gpxtpx:TrackPointExtension>
            <gpxtpx:speed>9.78</gpxtpx:speed>
            <gpxtpx:atemp>0.0</gpxtpx:atemp>
          </gpxtpx:TrackPointExtension>
          <rrp:iri>1.638</rrp:iri>
          <rrp:raw_iri>0.000</rrp:raw_iri>
          <rrp:iri_class>A</rrp:iri_class>
          <rrp:quality>1.000</rrp:quality>
          <rrp:satellites>66</rrp:satellites>
          <rrp:speed_kmh>35.2</rrp:speed_kmh>
          <rrp:accuracy_m>1.0</rrp:accuracy_m>
          <rrp:accel_x>0.000000</rrp:accel_x>
          <rrp:accel_y>0.000000</rrp:accel_y>
          <rrp:accel_z>15.844827</rrp:accel_z>
          <rrp:gyro_x>0.000000</rrp:gyro_x>
          <rrp:gyro_y>0.000000</rrp:gyro_y>
          <rrp:gyro_z>0.000000</rrp:gyro_z>
          <rrp:sensor_rate_hz>124.4</rrp:sensor_rate_hz>
        </extensions>
      </trkpt>
      <trkpt lat="30.6456894" lon="76.6922765">
        <time>2026-07-24T09:19:15.209Z</time>
        <hdop>99.00</hdop>
        <extensions>
          <gpxtpx:TrackPointExtension>
            <gpxtpx:speed>9.87</gpxtpx:speed>
            <gpxtpx:atemp>0.0</gpxtpx:atemp>
          </gpxtpx:TrackPointExtension>
          <rrp:iri>1.332</rrp:iri>
          <rrp:raw_iri>0.000</rrp:raw_iri>
          <rrp:iri_class>A</rrp:iri_class>
          <rrp:quality>1.000</rrp:quality>
          <rrp:satellites>66</rrp:satellites>
          <rrp:speed_kmh>35.5</rrp:speed_kmh>
          <rrp:accuracy_m>1.0</rrp:accuracy_m>
          <rrp:accel_x>0.000000</rrp:accel_x>
          <rrp:accel_y>0.000000</rrp:accel_y>
          <rrp:accel_z>17.096994</rrp:accel_z>
          <rrp:gyro_x>0.000000</rrp:gyro_x>
          <rrp:gyro_y>0.000000</rrp:gyro_y>
          <rrp:gyro_z>0.000000</rrp:gyro_z>
          <rrp:sensor_rate_hz>124.9</rrp:sensor_rate_hz>
        </extensions>
      </trkpt>
      <trkpt lat="30.6456845" lon="76.6921683">
        <time>2026-07-24T09:19:16.171Z</time>
        <hdop>99.00</hdop>
        <extensions>
          <gpxtpx:TrackPointExtension>
            <gpxtpx:speed>10.06</gpxtpx:speed>
            <gpxtpx:atemp>0.0</gpxtpx:atemp>
          </gpxtpx:TrackPointExtension>
          <rrp:iri>1.314</rrp:iri>
          <rrp:raw_iri>0.000</rrp:raw_iri>
          <rrp:iri_class>A</rrp:iri_class>
          <rrp:quality>1.000</rrp:quality>
          <rrp:satellites>66</rrp:satellites>
          <rrp:speed_kmh>36.2</rrp:speed_kmh>
          <rrp:accuracy_m>1.0</rrp:accuracy_m>
          <rrp:accel_x>0.000000</rrp:accel_x>
          <rrp:accel_y>0.000000</rrp:accel_y>
          <rrp:accel_z>12.459426</rrp:accel_z>
          <rrp:gyro_x>0.000000</rrp:gyro_x>
          <rrp:gyro_y>0.000000</rrp:gyro_y>
          <rrp:gyro_z>0.000000</rrp:gyro_z>
          <rrp:sensor_rate_hz>124.9</rrp:sensor_rate_hz>
        </extensions>
      </trkpt>
      <trkpt lat="30.6456783" lon="76.6919638">
        <time>2026-07-24T09:19:18.227Z</time>
        <hdop>99.00</hdop>
        <extensions>
          <gpxtpx:TrackPointExtension>
            <gpxtpx:speed>9.84</gpxtpx:speed>
            <gpxtpx:atemp>0.0</gpxtpx:atemp>
          </gpxtpx:TrackPointExtension>
          <rrp:iri>1.192</rrp:iri>
          <rrp:raw_iri>0.000</rrp:raw_iri>
          <rrp:iri_class>A</rrp:iri_class>
          <rrp:quality>0.500</rrp:quality>
          <rrp:satellites>66</rrp:satellites>
          <rrp:speed_kmh>35.4</rrp:speed_kmh>
          <rrp:accuracy_m>1.0</rrp:accuracy_m>
          <rrp:accel_x>0.000000</rrp:accel_x>
          <rrp:accel_y>0.000000</rrp:accel_y>
          <rrp:accel_z>17.594988</rrp:accel_z>
          <rrp:gyro_x>0.000000</rrp:gyro_x>
          <rrp:gyro_y>0.000000</rrp:gyro_y>
          <rrp:gyro_z>0.000000</rrp:gyro_z>
          <rrp:sensor_rate_hz>125.0</rrp:sensor_rate_hz>
        </extensions>
      </trkpt>
      <trkpt lat="30.6456775" lon="76.6917621">
        <time>2026-07-24T09:19:20.193Z</time>
        <hdop>99.00</hdop>
        <extensions>
          <gpxtpx:TrackPointExtension>
            <gpxtpx:speed>9.78</gpxtpx:speed>
            <gpxtpx:atemp>0.0</gpxtpx:atemp>
          </gpxtpx:TrackPointExtension>
          <rrp:iri>1.437</rrp:iri>
          <rrp:raw_iri>0.000</rrp:raw_iri>
          <rrp:iri_class>A</rrp:iri_class>
          <rrp:quality>0.500</rrp:quality>
          <rrp:satellites>66</rrp:satellites>
          <rrp:speed_kmh>35.2</rrp:speed_kmh>
          <rrp:accuracy_m>1.0</rrp:accuracy_m>
          <rrp:accel_x>0.000000</rrp:accel_x>
          <rrp:accel_y>0.000000</rrp:accel_y>
          <rrp:accel_z>16.227900</rrp:accel_z>
          <rrp:gyro_x>0.000000</rrp:gyro_x>
          <rrp:gyro_y>0.000000</rrp:gyro_y>
          <rrp:gyro_z>0.000000</rrp:gyro_z>
          <rrp:sensor_rate_hz>124.9</rrp:sensor_rate_hz>
        </extensions>
      </trkpt>
      <trkpt lat="30.6456815" lon="76.6915575">
        <time>2026-07-24T09:19:22.209Z</time>
        <hdop>99.00</hdop>
        <extensions>
          <gpxtpx:TrackPointExtension>
            <gpxtpx:speed>9.85</gpxtpx:speed>
            <gpxtpx:atemp>0.0</gpxtpx:atemp>
          </gpxtpx:TrackPointExtension>
          <rrp:iri>1.656</rrp:iri>
          <rrp:raw_iri>0.000</rrp:raw_iri>
          <rrp:iri_class>A</rrp:iri_class>
          <rrp:quality>0.500</rrp:quality>
          <rrp:satellites>66</rrp:satellites>
          <rrp:speed_kmh>35.5</rrp:speed_kmh>
          <rrp:accuracy_m>1.0</rrp:accuracy_m>
          <rrp:accel_x>0.000000</rrp:accel_x>
          <rrp:accel_y>0.000000</rrp:accel_y>
          <rrp:accel_z>17.786524</rrp:accel_z>
          <rrp:gyro_x>0.000000</rrp:gyro_x>
          <rrp:gyro_y>0.000000</rrp:gyro_y>
          <rrp:gyro_z>0.000000</rrp:gyro_z>
          <rrp:sensor_rate_hz>124.9</rrp:sensor_rate_hz>
        </extensions>
      </trkpt>
      <trkpt lat="30.6456829" lon="76.6913521">
        <time>2026-07-24T09:19:24.200Z</time>
        <hdop>99.00</hdop>
        <extensions>
          <gpxtpx:TrackPointExtension>
            <gpxtpx:speed>9.89</gpxtpx:speed>
            <gpxtpx:atemp>0.0</gpxtpx:atemp>
          </gpxtpx:TrackPointExtension>
          <rrp:iri>1.126</rrp:iri>
          <rrp:raw_iri>0.000</rrp:raw_iri>
          <rrp:iri_class>A</rrp:iri_class>
          <rrp:quality>0.500</rrp:quality>
          <rrp:satellites>66</rrp:satellites>
          <rrp:speed_kmh>35.6</rrp:speed_kmh>
          <rrp:accuracy_m>1.0</rrp:accuracy_m>
          <rrp:accel_x>0.000000</rrp:accel_x>
          <rrp:accel_y>0.000000</rrp:accel_y>
          <rrp:accel_z>18.181568</rrp:accel_z>
          <rrp:gyro_x>0.000000</rrp:gyro_x>
          <rrp:gyro_y>0.000000</rrp:gyro_y>
          <rrp:gyro_z>0.000000</rrp:gyro_z>
          <rrp:sensor_rate_hz>125.0</rrp:sensor_rate_hz>
        </extensions>
      </trkpt>
      <trkpt lat="30.6456847" lon="76.6911427">
        <time>2026-07-24T09:19:26.193Z</time>
        <hdop>99.00</hdop>
        <extensions>
          <gpxtpx:TrackPointExtension>
            <gpxtpx:speed>10.28</gpxtpx:speed>
            <gpxtpx:atemp>0.0</gpxtpx:atemp>
          </gpxtpx:TrackPointExtension>
          <rrp:iri>2.510</rrp:iri>
          <rrp:raw_iri>0.000</rrp:raw_iri>
          <rrp:iri_class>B</rrp:iri_class>
          <rrp:quality>0.500</rrp:quality>
          <rrp:satellites>64</rrp:satellites>
          <rrp:speed_kmh>37.0</rrp:speed_kmh>
          <rrp:accuracy_m>1.0</rrp:accuracy_m>
          <rrp:accel_x>0.000000</rrp:accel_x>
          <rrp:accel_y>0.000000</rrp:accel_y>
          <rrp:accel_z>18.741812</rrp:accel_z>
          <rrp:gyro_x>0.000000</rrp:gyro_x>
          <rrp:gyro_y>0.000000</rrp:gyro_y>
          <rrp:gyro_z>0.000000</rrp:gyro_z>
          <rrp:sensor_rate_hz>125.0</rrp:sensor_rate_hz>
        </extensions>
      </trkpt>
      <trkpt lat="30.6456848" lon="76.6910353">
        <time>2026-07-24T09:19:27.205Z</time>
        <hdop>99.00</hdop>
        <extensions>
          <gpxtpx:TrackPointExtension>
            <gpxtpx:speed>10.41</gpxtpx:speed>
            <gpxtpx:atemp>0.0</gpxtpx:atemp>
          </gpxtpx:TrackPointExtension>
          <rrp:iri>0.977</rrp:iri>
          <rrp:raw_iri>0.000</rrp:raw_iri>
          <rrp:iri_class>A</rrp:iri_class>
          <rrp:quality>1.000</rrp:quality>
          <rrp:satellites>62</rrp:satellites>
          <rrp:speed_kmh>37.5</rrp:speed_kmh>
          <rrp:accuracy_m>1.0</rrp:accuracy_m>
          <rrp:accel_x>0.000000</rrp:accel_x>
          <rrp:accel_y>0.000000</rrp:accel_y>
          <rrp:accel_z>11.439496</rrp:accel_z>
          <rrp:gyro_x>0.000000</rrp:gyro_x>
          <rrp:gyro_y>0.000000</rrp:gyro_y>
          <rrp:gyro_z>0.000000</rrp:gyro_z>
          <rrp:sensor_rate_hz>124.9</rrp:sensor_rate_hz>
        </extensions>
      </trkpt>
      <trkpt lat="30.6456828" lon="76.6909261">
        <time>2026-07-24T09:19:28.215Z</time>
        <hdop>99.00</hdop>
        <extensions>
          <gpxtpx:TrackPointExtension>
            <gpxtpx:speed>10.52</gpxtpx:speed>
            <gpxtpx:atemp>0.0</gpxtpx:atemp>
          </gpxtpx:TrackPointExtension>
          <rrp:iri>0.955</rrp:iri>
          <rrp:raw_iri>0.000</rrp:raw_iri>
          <rrp:iri_class>A</rrp:iri_class>
          <rrp:quality>1.000</rrp:quality>
          <rrp:satellites>62</rrp:satellites>
          <rrp:speed_kmh>37.9</rrp:speed_kmh>
          <rrp:accuracy_m>1.0</rrp:accuracy_m>
          <rrp:accel_x>0.000000</rrp:accel_x>
          <rrp:accel_y>0.000000</rrp:accel_y>
          <rrp:accel_z>11.228806</rrp:accel_z>
          <rrp:gyro_x>0.000000</rrp:gyro_x>
          <rrp:gyro_y>0.000000</rrp:gyro_y>
          <rrp:gyro_z>0.000000</rrp:gyro_z>
          <rrp:sensor_rate_hz>124.9</rrp:sensor_rate_hz>
        </extensions>
      </trkpt>
      <trkpt lat="30.6456817" lon="76.6908116">
        <time>2026-07-24T09:19:29.177Z</time>
        <hdop>99.00</hdop>
        <extensions>
          <gpxtpx:TrackPointExtension>
            <gpxtpx:speed>10.57</gpxtpx:speed>
            <gpxtpx:atemp>0.0</gpxtpx:atemp>
          </gpxtpx:TrackPointExtension>
          <rrp:iri>0.824</rrp:iri>
          <rrp:raw_iri>0.000</rrp:raw_iri>
          <rrp:iri_class>A</rrp:iri_class>
          <rrp:quality>1.000</rrp:quality>
          <rrp:satellites>62</rrp:satellites>
          <rrp:speed_kmh>38.1</rrp:speed_kmh>
          <rrp:accuracy_m>1.0</rrp:accuracy_m>
          <rrp:accel_x>0.000000</rrp:accel_x>
          <rrp:accel_y>0.000000</rrp:accel_y>
          <rrp:accel_z>15.227123</rrp:accel_z>
          <rrp:gyro_x>0.000000</rrp:gyro_x>
          <rrp:gyro_y>0.000000</rrp:gyro_y>
          <rrp:gyro_z>0.000000</rrp:gyro_z>
          <rrp:sensor_rate_hz>124.9</rrp:sensor_rate_hz>
        </extensions>
      </trkpt>
      <trkpt lat="30.6456826" lon="76.6907013">
        <time>2026-07-24T09:19:30.186Z</time>
        <hdop>99.00</hdop>
        <extensions>
          <gpxtpx:TrackPointExtension>
            <gpxtpx:speed>10.43</gpxtpx:speed>
            <gpxtpx:atemp>0.0</gpxtpx:atemp>
          </gpxtpx:TrackPointExtension>
          <rrp:iri>1.138</rrp:iri>
          <rrp:raw_iri>0.000</rrp:raw_iri>
          <rrp:iri_class>A</rrp:iri_class>
          <rrp:quality>1.000</rrp:quality>
          <rrp:satellites>66</rrp:satellites>
          <rrp:speed_kmh>37.6</rrp:speed_kmh>
          <rrp:accuracy_m>1.0</rrp:accuracy_m>
          <rrp:accel_x>0.000000</rrp:accel_x>
          <rrp:accel_y>0.000000</rrp:accel_y>
          <rrp:accel_z>18.112135</rrp:accel_z>
          <rrp:gyro_x>0.000000</rrp:gyro_x>
          <rrp:gyro_y>0.000000</rrp:gyro_y>
          <rrp:gyro_z>0.000000</rrp:gyro_z>
          <rrp:sensor_rate_hz>125.0</rrp:sensor_rate_hz>
        </extensions>
      </trkpt>
      <trkpt lat="30.6456860" lon="76.6904953">
        <time>2026-07-24T09:19:32.180Z</time>
        <hdop>99.00</hdop>
        <extensions>
          <gpxtpx:TrackPointExtension>
            <gpxtpx:speed>10.04</gpxtpx:speed>
            <gpxtpx:atemp>0.0</gpxtpx:atemp>
          </gpxtpx:TrackPointExtension>
          <rrp:iri>0.826</rrp:iri>
          <rrp:raw_iri>0.000</rrp:raw_iri>
          <rrp:iri_class>A</rrp:iri_class>
          <rrp:quality>1.000</rrp:quality>
          <rrp:satellites>66</rrp:satellites>
          <rrp:speed_kmh>36.1</rrp:speed_kmh>
          <rrp:accuracy_m>1.0</rrp:accuracy_m>
          <rrp:accel_x>0.000000</rrp:accel_x>
          <rrp:accel_y>0.000000</rrp:accel_y>
          <rrp:accel_z>11.008539</rrp:accel_z>
          <rrp:gyro_x>0.000000</rrp:gyro_x>
          <rrp:gyro_y>0.000000</rrp:gyro_y>
          <rrp:gyro_z>0.000000</rrp:gyro_z>
          <rrp:sensor_rate_hz>125.0</rrp:sensor_rate_hz>
        </extensions>
      </trkpt>
      <trkpt lat="30.6456910" lon="76.6902917">
        <time>2026-07-24T09:19:34.198Z</time>
        <hdop>99.00</hdop>
        <extensions>
          <gpxtpx:TrackPointExtension>
            <gpxtpx:speed>9.61</gpxtpx:speed>
            <gpxtpx:atemp>0.0</gpxtpx:atemp>
          </gpxtpx:TrackPointExtension>
          <rrp:iri>1.722</rrp:iri>
          <rrp:raw_iri>0.000</rrp:raw_iri>
          <rrp:iri_class>A</rrp:iri_class>
          <rrp:quality>1.000</rrp:quality>
          <rrp:satellites>64</rrp:satellites>
          <rrp:speed_kmh>34.6</rrp:speed_kmh>
          <rrp:accuracy_m>1.0</rrp:accuracy_m>
          <rrp:accel_x>0.000000</rrp:accel_x>
          <rrp:accel_y>0.000000</rrp:accel_y>
          <rrp:accel_z>12.009315</rrp:accel_z>
          <rrp:gyro_x>0.000000</rrp:gyro_x>
          <rrp:gyro_y>0.000000</rrp:gyro_y>
          <rrp:gyro_z>0.000000</rrp:gyro_z>
          <rrp:sensor_rate_hz>124.9</rrp:sensor_rate_hz>
        </extensions>
      </trkpt>
      <trkpt lat="30.6456920" lon="76.6900947">
        <time>2026-07-24T09:19:36.183Z</time>
        <hdop>99.00</hdop>
        <extensions>
          <gpxtpx:TrackPointExtension>
            <gpxtpx:speed>9.18</gpxtpx:speed>
            <gpxtpx:atemp>0.0</gpxtpx:atemp>
          </gpxtpx:TrackPointExtension>
          <rrp:iri>1.725</rrp:iri>
          <rrp:raw_iri>0.000</rrp:raw_iri>
          <rrp:iri_class>A</rrp:iri_class>
          <rrp:quality>1.000</rrp:quality>
          <rrp:satellites>64</rrp:satellites>
          <rrp:speed_kmh>33.0</rrp:speed_kmh>
          <rrp:accuracy_m>1.0</rrp:accuracy_m>
          <rrp:accel_x>0.000000</rrp:accel_x>
          <rrp:accel_y>0.000000</rrp:accel_y>
          <rrp:accel_z>11.434708</rrp:accel_z>
          <rrp:gyro_x>0.000000</rrp:gyro_x>
          <rrp:gyro_y>0.000000</rrp:gyro_y>
          <rrp:gyro_z>0.000000</rrp:gyro_z>
          <rrp:sensor_rate_hz>125.5</rrp:sensor_rate_hz>
        </extensions>
      </trkpt>
      <trkpt lat="30.6456948" lon="76.6899092">
        <time>2026-07-24T09:19:38.204Z</time>
        <hdop>99.00</hdop>
        <extensions>
          <gpxtpx:TrackPointExtension>
            <gpxtpx:speed>8.75</gpxtpx:speed>
            <gpxtpx:atemp>0.0</gpxtpx:atemp>
          </gpxtpx:TrackPointExtension>
          <rrp:iri>1.489</rrp:iri>
          <rrp:raw_iri>0.000</rrp:raw_iri>
          <rrp:iri_class>A</rrp:iri_class>
          <rrp:quality>1.000</rrp:quality>
          <rrp:satellites>63</rrp:satellites>
          <rrp:speed_kmh>31.5</rrp:speed_kmh>
          <rrp:accuracy_m>1.0</rrp:accuracy_m>
          <rrp:accel_x>0.000000</rrp:accel_x>
          <rrp:accel_y>0.000000</rrp:accel_y>
          <rrp:accel_z>11.499351</rrp:accel_z>
          <rrp:gyro_x>0.000000</rrp:gyro_x>
          <rrp:gyro_y>0.000000</rrp:gyro_y>
          <rrp:gyro_z>0.000000</rrp:gyro_z>
          <rrp:sensor_rate_hz>124.5</rrp:sensor_rate_hz>
        </extensions>
      </trkpt>
      <trkpt lat="30.6456992" lon="76.6897359">
        <time>2026-07-24T09:19:40.230Z</time>
        <hdop>99.00</hdop>
        <extensions>
          <gpxtpx:TrackPointExtension>
            <gpxtpx:speed>8.41</gpxtpx:speed>
            <gpxtpx:atemp>0.0</gpxtpx:atemp>
          </gpxtpx:TrackPointExtension>
          <rrp:iri>0.976</rrp:iri>
          <rrp:raw_iri>0.000</rrp:raw_iri>
          <rrp:iri_class>A</rrp:iri_class>
          <rrp:quality>1.000</rrp:quality>
          <rrp:satellites>63</rrp:satellites>
          <rrp:speed_kmh>30.3</rrp:speed_kmh>
          <rrp:accuracy_m>1.0</rrp:accuracy_m>
          <rrp:accel_x>0.000000</rrp:accel_x>
          <rrp:accel_y>0.000000</rrp:accel_y>
          <rrp:accel_z>12.152967</rrp:accel_z>
          <rrp:gyro_x>0.000000</rrp:gyro_x>
          <rrp:gyro_y>0.000000</rrp:gyro_y>
          <rrp:gyro_z>0.000000</rrp:gyro_z>
          <rrp:sensor_rate_hz>125.0</rrp:sensor_rate_hz>
        </extensions>
      </trkpt>
      <trkpt lat="30.6457056" lon="76.6895601">
        <time>2026-07-24T09:19:42.186Z</time>
        <hdop>99.00</hdop>
        <extensions>
          <gpxtpx:TrackPointExtension>
            <gpxtpx:speed>8.29</gpxtpx:speed>
            <gpxtpx:atemp>0.0</gpxtpx:atemp>
          </gpxtpx:TrackPointExtension>
          <rrp:iri>1.758</rrp:iri>
          <rrp:raw_iri>0.000</rrp:raw_iri>
          <rrp:iri_class>A</rrp:iri_class>
          <rrp:quality>1.000</rrp:quality>
          <rrp:satellites>62</rrp:satellites>
          <rrp:speed_kmh>29.8</rrp:speed_kmh>
          <rrp:accuracy_m>1.0</rrp:accuracy_m>
          <rrp:accel_x>0.000000</rrp:accel_x>
          <rrp:accel_y>0.000000</rrp:accel_y>
          <rrp:accel_z>13.819332</rrp:accel_z>
          <rrp:gyro_x>0.000000</rrp:gyro_x>
          <rrp:gyro_y>0.000000</rrp:gyro_y>
          <rrp:gyro_z>0.000000</rrp:gyro_z>
          <rrp:sensor_rate_hz>125.0</rrp:sensor_rate_hz>
        </extensions>
      </trkpt>
      <trkpt lat="30.6457121" lon="76.6893906">
        <time>2026-07-24T09:19:44.196Z</time>
        <hdop>99.00</hdop>
        <extensions>
          <gpxtpx:TrackPointExtension>
            <gpxtpx:speed>8.25</gpxtpx:speed>
            <gpxtpx:atemp>0.0</gpxtpx:atemp>
          </gpxtpx:TrackPointExtension>
          <rrp:iri>4.436</rrp:iri>
          <rrp:raw_iri>0.000</rrp:raw_iri>
          <rrp:iri_class>C</rrp:iri_class>
          <rrp:quality>1.000</rrp:quality>
          <rrp:satellites>66</rrp:satellites>
          <rrp:speed_kmh>29.7</rrp:speed_kmh>
          <rrp:accuracy_m>1.0</rrp:accuracy_m>
          <rrp:accel_x>0.000000</rrp:accel_x>
          <rrp:accel_y>0.000000</rrp:accel_y>
          <rrp:accel_z>28.768728</rrp:accel_z>
          <rrp:gyro_x>0.000000</rrp:gyro_x>
          <rrp:gyro_y>0.000000</rrp:gyro_y>
          <rrp:gyro_z>0.000000</rrp:gyro_z>
          <rrp:sensor_rate_hz>124.9</rrp:sensor_rate_hz>
        </extensions>
      </trkpt>
      <trkpt lat="30.6457209" lon="76.6892205">
        <time>2026-07-24T09:19:46.180Z</time>
        <hdop>99.00</hdop>
        <extensions>
          <gpxtpx:TrackPointExtension>
            <gpxtpx:speed>8.24</gpxtpx:speed>
            <gpxtpx:atemp>0.0</gpxtpx:atemp>
          </gpxtpx:TrackPointExtension>
          <rrp:iri>1.426</rrp:iri>
          <rrp:raw_iri>0.000</rrp:raw_iri>
          <rrp:iri_class>A</rrp:iri_class>
          <rrp:quality>1.000</rrp:quality>
          <rrp:satellites>66</rrp:satellites>
          <rrp:speed_kmh>29.7</rrp:speed_kmh>
          <rrp:accuracy_m>1.0</rrp:accuracy_m>
          <rrp:accel_x>0.000000</rrp:accel_x>
          <rrp:accel_y>0.000000</rrp:accel_y>
          <rrp:accel_z>11.781867</rrp:accel_z>
          <rrp:gyro_x>0.000000</rrp:gyro_x>
          <rrp:gyro_y>0.000000</rrp:gyro_y>
          <rrp:gyro_z>0.000000</rrp:gyro_z>
          <rrp:sensor_rate_hz>125.4</rrp:sensor_rate_hz>
        </extensions>
      </trkpt>
      <trkpt lat="30.6457381" lon="76.6890531">
        <time>2026-07-24T09:19:48.200Z</time>
        <hdop>99.00</hdop>
        <extensions>
          <gpxtpx:TrackPointExtension>
            <gpxtpx:speed>8.16</gpxtpx:speed>
            <gpxtpx:atemp>0.0</gpxtpx:atemp>
          </gpxtpx:TrackPointExtension>
          <rrp:iri>1.549</rrp:iri>
          <rrp:raw_iri>0.000</rrp:raw_iri>
          <rrp:iri_class>A</rrp:iri_class>
          <rrp:quality>1.000</rrp:quality>
          <rrp:satellites>62</rrp:satellites>
          <rrp:speed_kmh>29.4</rrp:speed_kmh>
          <rrp:accuracy_m>1.0</rrp:accuracy_m>
          <rrp:accel_x>0.000000</rrp:accel_x>
          <rrp:accel_y>0.000000</rrp:accel_y>
          <rrp:accel_z>12.105083</rrp:accel_z>
          <rrp:gyro_x>0.000000</rrp:gyro_x>
          <rrp:gyro_y>0.000000</rrp:gyro_y>
          <rrp:gyro_z>0.000000</rrp:gyro_z>
          <rrp:sensor_rate_hz>124.9</rrp:sensor_rate_hz>
        </extensions>
      </trkpt>
      <trkpt lat="30.6457530" lon="76.6888808">
        <time>2026-07-24T09:19:50.198Z</time>
        <hdop>99.00</hdop>
        <extensions>
          <gpxtpx:TrackPointExtension>
            <gpxtpx:speed>8.23</gpxtpx:speed>
            <gpxtpx:atemp>0.0</gpxtpx:atemp>
          </gpxtpx:TrackPointExtension>
          <rrp:iri>1.163</rrp:iri>
          <rrp:raw_iri>0.000</rrp:raw_iri>
          <rrp:iri_class>A</rrp:iri_class>
          <rrp:quality>1.000</rrp:quality>
          <rrp:satellites>63</rrp:satellites>
          <rrp:speed_kmh>29.6</rrp:speed_kmh>
          <rrp:accuracy_m>1.0</rrp:accuracy_m>
          <rrp:accel_x>0.000000</rrp:accel_x>
          <rrp:accel_y>0.000000</rrp:accel_y>
          <rrp:accel_z>11.789049</rrp:accel_z>
          <rrp:gyro_x>0.000000</rrp:gyro_x>
          <rrp:gyro_y>0.000000</rrp:gyro_y>
          <rrp:gyro_z>0.000000</rrp:gyro_z>
          <rrp:sensor_rate_hz>124.9</rrp:sensor_rate_hz>
        </extensions>
      </trkpt>
      <trkpt lat="30.6457633" lon="76.6887007">
        <time>2026-07-24T09:19:52.266Z</time>
        <hdop>99.00</hdop>
        <extensions>
          <gpxtpx:TrackPointExtension>
            <gpxtpx:speed>8.65</gpxtpx:speed>
            <gpxtpx:atemp>0.0</gpxtpx:atemp>
          </gpxtpx:TrackPointExtension>
          <rrp:iri>1.246</rrp:iri>
          <rrp:raw_iri>0.000</rrp:raw_iri>
          <rrp:iri_class>A</rrp:iri_class>
          <rrp:quality>1.000</rrp:quality>
          <rrp:satellites>63</rrp:satellites>
          <rrp:speed_kmh>31.2</rrp:speed_kmh>
          <rrp:accuracy_m>1.0</rrp:accuracy_m>
          <rrp:accel_x>0.000000</rrp:accel_x>
          <rrp:accel_y>0.000000</rrp:accel_y>
          <rrp:accel_z>15.164873</rrp:accel_z>
          <rrp:gyro_x>0.000000</rrp:gyro_x>
          <rrp:gyro_y>0.000000</rrp:gyro_y>
          <rrp:gyro_z>0.000000</rrp:gyro_z>
          <rrp:sensor_rate_hz>124.9</rrp:sensor_rate_hz>
        </extensions>
      </trkpt>
      <trkpt lat="30.6457795" lon="76.6885162">
        <time>2026-07-24T09:19:54.230Z</time>
        <hdop>99.00</hdop>
        <extensions>
          <gpxtpx:TrackPointExtension>
            <gpxtpx:speed>9.02</gpxtpx:speed>
            <gpxtpx:atemp>0.0</gpxtpx:atemp>
          </gpxtpx:TrackPointExtension>
          <rrp:iri>3.418</rrp:iri>
          <rrp:raw_iri>0.000</rrp:raw_iri>
          <rrp:iri_class>B</rrp:iri_class>
          <rrp:quality>1.000</rrp:quality>
          <rrp:satellites>64</rrp:satellites>
          <rrp:speed_kmh>32.5</rrp:speed_kmh>
          <rrp:accuracy_m>1.0</rrp:accuracy_m>
          <rrp:accel_x>0.000000</rrp:accel_x>
          <rrp:accel_y>0.000000</rrp:accel_y>
          <rrp:accel_z>26.556486</rrp:accel_z>
          <rrp:gyro_x>0.000000</rrp:gyro_x>
          <rrp:gyro_y>0.000000</rrp:gyro_y>
          <rrp:gyro_z>0.000000</rrp:gyro_z>
          <rrp:sensor_rate_hz>125.0</rrp:sensor_rate_hz>
        </extensions>
      </trkpt>
      <trkpt lat="30.6458039" lon="76.6883256">
        <time>2026-07-24T09:19:56.209Z</time>
        <hdop>99.00</hdop>
        <extensions>
          <gpxtpx:TrackPointExtension>
            <gpxtpx:speed>9.57</gpxtpx:speed>
            <gpxtpx:atemp>0.0</gpxtpx:atemp>
          </gpxtpx:TrackPointExtension>
          <rrp:iri>1.943</rrp:iri>
          <rrp:raw_iri>0.000</rrp:raw_iri>
          <rrp:iri_class>A</rrp:iri_class>
          <rrp:quality>1.000</rrp:quality>
          <rrp:satellites>66</rrp:satellites>
          <rrp:speed_kmh>34.5</rrp:speed_kmh>
          <rrp:accuracy_m>1.0</rrp:accuracy_m>
          <rrp:accel_x>0.000000</rrp:accel_x>
          <rrp:accel_y>0.000000</rrp:accel_y>
          <rrp:accel_z>13.000515</rrp:accel_z>
          <rrp:gyro_x>0.000000</rrp:gyro_x>
          <rrp:gyro_y>0.000000</rrp:gyro_y>
          <rrp:gyro_z>0.000000</rrp:gyro_z>
          <rrp:sensor_rate_hz>124.9</rrp:sensor_rate_hz>
        </extensions>
      </trkpt>
      <trkpt lat="30.6458149" lon="76.6882197">
        <time>2026-07-24T09:19:57.193Z</time>
        <hdop>99.00</hdop>
        <extensions>
          <gpxtpx:TrackPointExtension>
            <gpxtpx:speed>9.97</gpxtpx:speed>
            <gpxtpx:atemp>0.0</gpxtpx:atemp>
          </gpxtpx:TrackPointExtension>
          <rrp:iri>1.814</rrp:iri>
          <rrp:raw_iri>0.000</rrp:raw_iri>
          <rrp:iri_class>A</rrp:iri_class>
          <rrp:quality>1.000</rrp:quality>
          <rrp:satellites>66</rrp:satellites>
          <rrp:speed_kmh>35.9</rrp:speed_kmh>
          <rrp:accuracy_m>1.0</rrp:accuracy_m>
          <rrp:accel_x>0.000000</rrp:accel_x>
          <rrp:accel_y>0.000000</rrp:accel_y>
          <rrp:accel_z>18.739416</rrp:accel_z>
          <rrp:gyro_x>0.000000</rrp:gyro_x>
          <rrp:gyro_y>0.000000</rrp:gyro_y>
          <rrp:gyro_z>0.000000</rrp:gyro_z>
          <rrp:sensor_rate_hz>124.9</rrp:sensor_rate_hz>
        </extensions>
      </trkpt>
      <trkpt lat="30.6458408" lon="76.6880092">
        <time>2026-07-24T09:19:59.213Z</time>
        <hdop>99.00</hdop>
        <extensions>
          <gpxtpx:TrackPointExtension>
            <gpxtpx:speed>10.25</gpxtpx:speed>
            <gpxtpx:atemp>0.0</gpxtpx:atemp>
          </gpxtpx:TrackPointExtension>
          <rrp:iri>2.999</rrp:iri>
          <rrp:raw_iri>0.000</rrp:raw_iri>
          <rrp:iri_class>B</rrp:iri_class>
          <rrp:quality>1.000</rrp:quality>
          <rrp:satellites>66</rrp:satellites>
          <rrp:speed_kmh>36.9</rrp:speed_kmh>
          <rrp:accuracy_m>1.0</rrp:accuracy_m>
          <rrp:accel_x>0.000000</rrp:accel_x>
          <rrp:accel_y>0.000000</rrp:accel_y>
          <rrp:accel_z>19.579781</rrp:accel_z>
          <rrp:gyro_x>0.000000</rrp:gyro_x>
          <rrp:gyro_y>0.000000</rrp:gyro_y>
          <rrp:gyro_z>0.000000</rrp:gyro_z>
          <rrp:sensor_rate_hz>124.9</rrp:sensor_rate_hz>
        </extensions>
      </trkpt>
      <trkpt lat="30.6458549" lon="76.6878021">
        <time>2026-07-24T09:20:01.176Z</time>
        <hdop>99.00</hdop>
        <extensions>
          <gpxtpx:TrackPointExtension>
            <gpxtpx:speed>10.02</gpxtpx:speed>
            <gpxtpx:atemp>0.0</gpxtpx:atemp>
          </gpxtpx:TrackPointExtension>
          <rrp:iri>0.952</rrp:iri>
          <rrp:raw_iri>0.000</rrp:raw_iri>
          <rrp:iri_class>A</rrp:iri_class>
          <rrp:quality>1.000</rrp:quality>
          <rrp:satellites>65</rrp:satellites>
          <rrp:speed_kmh>36.1</rrp:speed_kmh>
          <rrp:accuracy_m>1.0</rrp:accuracy_m>
          <rrp:accel_x>0.000000</rrp:accel_x>
          <rrp:accel_y>0.000000</rrp:accel_y>
          <rrp:accel_z>11.652579</rrp:accel_z>
          <rrp:gyro_x>0.000000</rrp:gyro_x>
          <rrp:gyro_y>0.000000</rrp:gyro_y>
          <rrp:gyro_z>0.000000</rrp:gyro_z>
          <rrp:sensor_rate_hz>124.9</rrp:sensor_rate_hz>
        </extensions>
      </trkpt>
      <trkpt lat="30.6458666" lon="76.6876961">
        <time>2026-07-24T09:20:02.206Z</time>
        <hdop>99.00</hdop>
        <extensions>
          <gpxtpx:TrackPointExtension>
            <gpxtpx:speed>10.09</gpxtpx:speed>
            <gpxtpx:atemp>0.0</gpxtpx:atemp>
          </gpxtpx:TrackPointExtension>
          <rrp:iri>1.469</rrp:iri>
          <rrp:raw_iri>0.000</rrp:raw_iri>
          <rrp:iri_class>A</rrp:iri_class>
          <rrp:quality>1.000</rrp:quality>
          <rrp:satellites>64</rrp:satellites>
          <rrp:speed_kmh>36.3</rrp:speed_kmh>
          <rrp:accuracy_m>1.0</rrp:accuracy_m>
          <rrp:accel_x>0.000000</rrp:accel_x>
          <rrp:accel_y>0.000000</rrp:accel_y>
          <rrp:accel_z>11.267113</rrp:accel_z>
          <rrp:gyro_x>0.000000</rrp:gyro_x>
          <rrp:gyro_y>0.000000</rrp:gyro_y>
          <rrp:gyro_z>0.000000</rrp:gyro_z>
          <rrp:sensor_rate_hz>124.9</rrp:sensor_rate_hz>
        </extensions>
      </trkpt>
      <trkpt lat="30.6458772" lon="76.6875908">
        <time>2026-07-24T09:20:03.179Z</time>
        <hdop>99.00</hdop>
        <extensions>
          <gpxtpx:TrackPointExtension>
            <gpxtpx:speed>10.15</gpxtpx:speed>
            <gpxtpx:atemp>0.0</gpxtpx:atemp>
          </gpxtpx:TrackPointExtension>
          <rrp:iri>1.365</rrp:iri>
          <rrp:raw_iri>0.000</rrp:raw_iri>
          <rrp:iri_class>A</rrp:iri_class>
          <rrp:quality>1.000</rrp:quality>
          <rrp:satellites>63</rrp:satellites>
          <rrp:speed_kmh>36.5</rrp:speed_kmh>
          <rrp:accuracy_m>1.0</rrp:accuracy_m>
          <rrp:accel_x>0.000000</rrp:accel_x>
          <rrp:accel_y>0.000000</rrp:accel_y>
          <rrp:accel_z>11.343728</rrp:accel_z>
          <rrp:gyro_x>0.000000</rrp:gyro_x>
          <rrp:gyro_y>0.000000</rrp:gyro_y>
          <rrp:gyro_z>0.000000</rrp:gyro_z>
          <rrp:sensor_rate_hz>124.9</rrp:sensor_rate_hz>
        </extensions>
      </trkpt>
      <trkpt lat="30.6458881" lon="76.6874844">
        <time>2026-07-24T09:20:04.204Z</time>
        <hdop>99.00</hdop>
        <extensions>
          <gpxtpx:TrackPointExtension>
            <gpxtpx:speed>10.29</gpxtpx:speed>
            <gpxtpx:atemp>0.0</gpxtpx:atemp>
          </gpxtpx:TrackPointExtension>
          <rrp:iri>0.887</rrp:iri>
          <rrp:raw_iri>0.000</rrp:raw_iri>
          <rrp:iri_class>A</rrp:iri_class>
          <rrp:quality>1.000</rrp:quality>
          <rrp:satellites>63</rrp:satellites>
          <rrp:speed_kmh>37.0</rrp:speed_kmh>
          <rrp:accuracy_m>1.0</rrp:accuracy_m>
          <rrp:accel_x>0.000000</rrp:accel_x>
          <rrp:accel_y>0.000000</rrp:accel_y>
          <rrp:accel_z>12.093113</rrp:accel_z>
          <rrp:gyro_x>0.000000</rrp:gyro_x>
          <rrp:gyro_y>0.000000</rrp:gyro_y>
          <rrp:gyro_z>0.000000</rrp:gyro_z>
          <rrp:sensor_rate_hz>124.9</rrp:sensor_rate_hz>
        </extensions>
      </trkpt>
      <trkpt lat="30.6458999" lon="76.6873739">
        <time>2026-07-24T09:20:05.203Z</time>
        <hdop>99.00</hdop>
        <extensions>
          <gpxtpx:TrackPointExtension>
            <gpxtpx:speed>10.52</gpxtpx:speed>
            <gpxtpx:atemp>0.0</gpxtpx:atemp>
          </gpxtpx:TrackPointExtension>
          <rrp:iri>1.281</rrp:iri>
          <rrp:raw_iri>0.000</rrp:raw_iri>
          <rrp:iri_class>A</rrp:iri_class>
          <rrp:quality>1.000</rrp:quality>
          <rrp:satellites>61</rrp:satellites>
          <rrp:speed_kmh>37.9</rrp:speed_kmh>
          <rrp:accuracy_m>1.0</rrp:accuracy_m>
          <rrp:accel_x>0.000000</rrp:accel_x>
          <rrp:accel_y>0.000000</rrp:accel_y>
          <rrp:accel_z>12.607866</rrp:accel_z>
          <rrp:gyro_x>0.000000</rrp:gyro_x>
          <rrp:gyro_y>0.000000</rrp:gyro_y>
          <rrp:gyro_z>0.000000</rrp:gyro_z>
          <rrp:sensor_rate_hz>124.9</rrp:sensor_rate_hz>
        </extensions>
      </trkpt>
      <trkpt lat="30.6459112" lon="76.6872684">
        <time>2026-07-24T09:20:06.214Z</time>
        <hdop>99.00</hdop>
        <extensions>
          <gpxtpx:TrackPointExtension>
            <gpxtpx:speed>10.33</gpxtpx:speed>
            <gpxtpx:atemp>0.0</gpxtpx:atemp>
          </gpxtpx:TrackPointExtension>
          <rrp:iri>1.270</rrp:iri>
          <rrp:raw_iri>0.000</rrp:raw_iri>
          <rrp:iri_class>A</rrp:iri_class>
          <rrp:quality>1.000</rrp:quality>
          <rrp:satellites>63</rrp:satellites>
          <rrp:speed_kmh>37.2</rrp:speed_kmh>
          <rrp:accuracy_m>1.0</rrp:accuracy_m>
          <rrp:accel_x>0.000000</rrp:accel_x>
          <rrp:accel_y>0.000000</rrp:accel_y>
          <rrp:accel_z>12.289437</rrp:accel_z>
          <rrp:gyro_x>0.000000</rrp:gyro_x>
          <rrp:gyro_y>0.000000</rrp:gyro_y>
          <rrp:gyro_z>0.000000</rrp:gyro_z>
          <rrp:sensor_rate_hz>125.0</rrp:sensor_rate_hz>
        </extensions>
      </trkpt>
      <trkpt lat="30.6459212" lon="76.6871604">
        <time>2026-07-24T09:20:07.202Z</time>
        <hdop>99.00</hdop>
        <extensions>
          <gpxtpx:TrackPointExtension>
            <gpxtpx:speed>10.17</gpxtpx:speed>
            <gpxtpx:atemp>0.0</gpxtpx:atemp>
          </gpxtpx:TrackPointExtension>
          <rrp:iri>1.295</rrp:iri>
          <rrp:raw_iri>0.000</rrp:raw_iri>
          <rrp:iri_class>A</rrp:iri_class>
          <rrp:quality>1.000</rrp:quality>
          <rrp:satellites>62</rrp:satellites>
          <rrp:speed_kmh>36.6</rrp:speed_kmh>
          <rrp:accuracy_m>1.0</rrp:accuracy_m>
          <rrp:accel_x>0.000000</rrp:accel_x>
          <rrp:accel_y>0.000000</rrp:accel_y>
          <rrp:accel_z>11.355699</rrp:accel_z>
          <rrp:gyro_x>0.000000</rrp:gyro_x>
          <rrp:gyro_y>0.000000</rrp:gyro_y>
          <rrp:gyro_z>0.000000</rrp:gyro_z>
          <rrp:sensor_rate_hz>125.0</rrp:sensor_rate_hz>
        </extensions>
      </trkpt>
      <trkpt lat="30.6459461" lon="76.6869535">
        <time>2026-07-24T09:20:09.236Z</time>
        <hdop>99.00</hdop>
        <extensions>
          <gpxtpx:TrackPointExtension>
            <gpxtpx:speed>9.75</gpxtpx:speed>
            <gpxtpx:atemp>0.0</gpxtpx:atemp>
          </gpxtpx:TrackPointExtension>
          <rrp:iri>0.678</rrp:iri>
          <rrp:raw_iri>0.000</rrp:raw_iri>
          <rrp:iri_class>A</rrp:iri_class>
          <rrp:quality>1.000</rrp:quality>
          <rrp:satellites>62</rrp:satellites>
          <rrp:speed_kmh>35.1</rrp:speed_kmh>
          <rrp:accuracy_m>1.0</rrp:accuracy_m>
          <rrp:accel_x>0.000000</rrp:accel_x>
          <rrp:accel_y>0.000000</rrp:accel_y>
          <rrp:accel_z>14.575900</rrp:accel_z>
          <rrp:gyro_x>0.000000</rrp:gyro_x>
          <rrp:gyro_y>0.000000</rrp:gyro_y>
          <rrp:gyro_z>0.000000</rrp:gyro_z>
          <rrp:sensor_rate_hz>124.9</rrp:sensor_rate_hz>
        </extensions>
      </trkpt>
      <trkpt lat="30.6459634" lon="76.6867675">
        <time>2026-07-24T09:20:11.245Z</time>
        <hdop>99.00</hdop>
        <extensions>
          <gpxtpx:TrackPointExtension>
            <gpxtpx:speed>8.55</gpxtpx:speed>
            <gpxtpx:atemp>0.0</gpxtpx:atemp>
          </gpxtpx:TrackPointExtension>
          <rrp:iri>1.629</rrp:iri>
          <rrp:raw_iri>0.000</rrp:raw_iri>
          <rrp:iri_class>A</rrp:iri_class>
          <rrp:quality>1.000</rrp:quality>
          <rrp:satellites>64</rrp:satellites>
          <rrp:speed_kmh>30.8</rrp:speed_kmh>
          <rrp:accuracy_m>1.0</rrp:accuracy_m>
          <rrp:accel_x>0.000000</rrp:accel_x>
          <rrp:accel_y>0.000000</rrp:accel_y>
          <rrp:accel_z>18.593370</rrp:accel_z>
          <rrp:gyro_x>0.000000</rrp:gyro_x>
          <rrp:gyro_y>0.000000</rrp:gyro_y>
          <rrp:gyro_z>0.000000</rrp:gyro_z>
          <rrp:sensor_rate_hz>124.9</rrp:sensor_rate_hz>
        </extensions>
      </trkpt>
      <trkpt lat="30.6459694" lon="76.6866267">
        <time>2026-07-24T09:20:13.220Z</time>
        <hdop>99.00</hdop>
        <extensions>
          <gpxtpx:TrackPointExtension>
            <gpxtpx:speed>6.71</gpxtpx:speed>
            <gpxtpx:atemp>0.0</gpxtpx:atemp>
          </gpxtpx:TrackPointExtension>
          <rrp:iri>1.823</rrp:iri>
          <rrp:raw_iri>0.000</rrp:raw_iri>
          <rrp:iri_class>A</rrp:iri_class>
          <rrp:quality>1.000</rrp:quality>
          <rrp:satellites>65</rrp:satellites>
          <rrp:speed_kmh>24.2</rrp:speed_kmh>
          <rrp:accuracy_m>1.0</rrp:accuracy_m>
          <rrp:accel_x>0.000000</rrp:accel_x>
          <rrp:accel_y>0.000000</rrp:accel_y>
          <rrp:accel_z>16.543934</rrp:accel_z>
          <rrp:gyro_x>0.000000</rrp:gyro_x>
          <rrp:gyro_y>0.000000</rrp:gyro_y>
          <rrp:gyro_z>0.000000</rrp:gyro_z>
          <rrp:sensor_rate_hz>124.9</rrp:sensor_rate_hz>
        </extensions>
      </trkpt>
      <trkpt lat="30.6459831" lon="76.6865030">
        <time>2026-07-24T09:20:15.230Z</time>
        <hdop>99.00</hdop>
        <extensions>
          <gpxtpx:TrackPointExtension>
            <gpxtpx:speed>5.88</gpxtpx:speed>
            <gpxtpx:atemp>0.0</gpxtpx:atemp>
          </gpxtpx:TrackPointExtension>
          <rrp:iri>1.867</rrp:iri>
          <rrp:raw_iri>0.000</rrp:raw_iri>
          <rrp:iri_class>A</rrp:iri_class>
          <rrp:quality>1.000</rrp:quality>
          <rrp:satellites>66</rrp:satellites>
          <rrp:speed_kmh>21.2</rrp:speed_kmh>
          <rrp:accuracy_m>1.0</rrp:accuracy_m>
          <rrp:accel_x>0.000000</rrp:accel_x>
          <rrp:accel_y>0.000000</rrp:accel_y>
          <rrp:accel_z>13.792996</rrp:accel_z>
          <rrp:gyro_x>0.000000</rrp:gyro_x>
          <rrp:gyro_y>0.000000</rrp:gyro_y>
          <rrp:gyro_z>0.000000</rrp:gyro_z>
          <rrp:sensor_rate_hz>125.0</rrp:sensor_rate_hz>
        </extensions>
      </trkpt>
      <trkpt lat="30.6460114" lon="76.6863675">
        <time>2026-07-24T09:20:18.238Z</time>
        <hdop>99.00</hdop>
        <extensions>
          <gpxtpx:TrackPointExtension>
            <gpxtpx:speed>3.90</gpxtpx:speed>
            <gpxtpx:atemp>0.0</gpxtpx:atemp>
          </gpxtpx:TrackPointExtension>
          <rrp:iri>9.912</rrp:iri>
          <rrp:raw_iri>0.000</rrp:raw_iri>
          <rrp:iri_class>E</rrp:iri_class>
          <rrp:quality>0.417</rrp:quality>
          <rrp:satellites>65</rrp:satellites>
          <rrp:speed_kmh>14.0</rrp:speed_kmh>
          <rrp:accuracy_m>1.0</rrp:accuracy_m>
          <rrp:accel_x>0.000000</rrp:accel_x>
          <rrp:accel_y>0.000000</rrp:accel_y>
          <rrp:accel_z>26.233269</rrp:accel_z>
          <rrp:gyro_x>0.000000</rrp:gyro_x>
          <rrp:gyro_y>0.000000</rrp:gyro_y>
          <rrp:gyro_z>0.000000</rrp:gyro_z>
          <rrp:sensor_rate_hz>124.9</rrp:sensor_rate_hz>
        </extensions>
      </trkpt>
      <trkpt lat="30.6460783" lon="76.6862985">
        <time>2026-07-24T09:20:24.222Z</time>
        <hdop>99.00</hdop>
        <extensions>
          <gpxtpx:TrackPointExtension>
            <gpxtpx:speed>1.66</gpxtpx:speed>
            <gpxtpx:atemp>0.0</gpxtpx:atemp>
          </gpxtpx:TrackPointExtension>
          <rrp:iri>45.488</rrp:iri>
          <rrp:raw_iri>0.000</rrp:raw_iri>
          <rrp:iri_class>E</rrp:iri_class>
          <rrp:quality>0.311</rrp:quality>
          <rrp:satellites>65</rrp:satellites>
          <rrp:speed_kmh>6.0</rrp:speed_kmh>
          <rrp:accuracy_m>1.4</rrp:accuracy_m>
          <rrp:accel_x>0.000000</rrp:accel_x>
          <rrp:accel_y>0.000000</rrp:accel_y>
          <rrp:accel_z>18.298883</rrp:accel_z>
          <rrp:gyro_x>0.000000</rrp:gyro_x>
          <rrp:gyro_y>0.000000</rrp:gyro_y>
          <rrp:gyro_z>0.000000</rrp:gyro_z>
          <rrp:sensor_rate_hz>124.9</rrp:sensor_rate_hz>
        </extensions>
      </trkpt>
      <trkpt lat="30.6461200" lon="76.6864079">
        <time>2026-07-24T09:20:29.185Z</time>
        <hdop>99.00</hdop>
        <extensions>
          <gpxtpx:TrackPointExtension>
            <gpxtpx:speed>2.30</gpxtpx:speed>
            <gpxtpx:atemp>0.0</gpxtpx:atemp>
          </gpxtpx:TrackPointExtension>
          <rrp:iri>64.820</rrp:iri>
          <rrp:raw_iri>0.000</rrp:raw_iri>
          <rrp:iri_class>E</rrp:iri_class>
          <rrp:quality>0.311</rrp:quality>
          <rrp:satellites>63</rrp:satellites>
          <rrp:speed_kmh>8.3</rrp:speed_kmh>
          <rrp:accuracy_m>1.6</rrp:accuracy_m>
          <rrp:accel_x>0.000000</rrp:accel_x>
          <rrp:accel_y>0.000000</rrp:accel_y>
          <rrp:accel_z>17.733852</rrp:accel_z>
          <rrp:gyro_x>0.000000</rrp:gyro_x>
          <rrp:gyro_y>0.000000</rrp:gyro_y>
          <rrp:gyro_z>0.000000</rrp:gyro_z>
          <rrp:sensor_rate_hz>125.0</rrp:sensor_rate_hz>
        </extensions>
      </trkpt>
      <trkpt lat="30.6461269" lon="76.6865375">
        <time>2026-07-24T09:20:32.201Z</time>
        <hdop>99.00</hdop>
        <extensions>
          <gpxtpx:TrackPointExtension>
            <gpxtpx:speed>3.88</gpxtpx:speed>
            <gpxtpx:atemp>0.0</gpxtpx:atemp>
          </gpxtpx:TrackPointExtension>
          <rrp:iri>58.539</rrp:iri>
          <rrp:raw_iri>0.000</rrp:raw_iri>
          <rrp:iri_class>E</rrp:iri_class>
          <rrp:quality>0.737</rrp:quality>
          <rrp:satellites>64</rrp:satellites>
          <rrp:speed_kmh>14.0</rrp:speed_kmh>
          <rrp:accuracy_m>1.6</rrp:accuracy_m>
          <rrp:accel_x>0.000000</rrp:accel_x>
          <rrp:accel_y>0.000000</rrp:accel_y>
          <rrp:accel_z>10.771513</rrp:accel_z>
          <rrp:gyro_x>0.000000</rrp:gyro_x>
          <rrp:gyro_y>0.000000</rrp:gyro_y>
          <rrp:gyro_z>0.000000</rrp:gyro_z>
          <rrp:sensor_rate_hz>124.9</rrp:sensor_rate_hz>
        </extensions>
      </trkpt>
      <trkpt lat="30.6461169" lon="76.6866613">
        <time>2026-07-24T09:20:34.179Z</time>
        <hdop>99.00</hdop>
        <extensions>
          <gpxtpx:TrackPointExtension>
            <gpxtpx:speed>5.52</gpxtpx:speed>
            <gpxtpx:atemp>0.0</gpxtpx:atemp>
          </gpxtpx:TrackPointExtension>
          <rrp:iri>29.924</rrp:iri>
          <rrp:raw_iri>0.000</rrp:raw_iri>
          <rrp:iri_class>E</rrp:iri_class>
          <rrp:quality>0.737</rrp:quality>
          <rrp:satellites>64</rrp:satellites>
          <rrp:speed_kmh>19.9</rrp:speed_kmh>
          <rrp:accuracy_m>1.5</rrp:accuracy_m>
          <rrp:accel_x>0.000000</rrp:accel_x>
          <rrp:accel_y>0.000000</rrp:accel_y>
          <rrp:accel_z>12.344504</rrp:accel_z>
          <rrp:gyro_x>0.000000</rrp:gyro_x>
          <rrp:gyro_y>0.000000</rrp:gyro_y>
          <rrp:gyro_z>0.000000</rrp:gyro_z>
          <rrp:sensor_rate_hz>124.9</rrp:sensor_rate_hz>
        </extensions>
      </trkpt>
      <trkpt lat="30.6461020" lon="76.6867698">
        <time>2026-07-24T09:20:36.196Z</time>
        <hdop>99.00</hdop>
        <extensions>
          <gpxtpx:TrackPointExtension>
            <gpxtpx:speed>5.13</gpxtpx:speed>
            <gpxtpx:atemp>0.0</gpxtpx:atemp>
          </gpxtpx:TrackPointExtension>
          <rrp:iri>5.571</rrp:iri>
          <rrp:raw_iri>0.000</rrp:raw_iri>
          <rrp:iri_class>C</rrp:iri_class>
          <rrp:quality>0.737</rrp:quality>
          <rrp:satellites>65</rrp:satellites>
          <rrp:speed_kmh>18.5</rrp:speed_kmh>
          <rrp:accuracy_m>1.4</rrp:accuracy_m>
          <rrp:accel_x>0.000000</rrp:accel_x>
          <rrp:accel_y>0.000000</rrp:accel_y>
          <rrp:accel_z>12.710816</rrp:accel_z>
          <rrp:gyro_x>0.000000</rrp:gyro_x>
          <rrp:gyro_y>0.000000</rrp:gyro_y>
          <rrp:gyro_z>0.000000</rrp:gyro_z>
          <rrp:sensor_rate_hz>125.0</rrp:sensor_rate_hz>
        </extensions>
      </trkpt>
      <trkpt lat="30.6460715" lon="76.6869208">
        <time>2026-07-24T09:20:39.196Z</time>
        <hdop>99.00</hdop>
        <extensions>
          <gpxtpx:TrackPointExtension>
            <gpxtpx:speed>4.92</gpxtpx:speed>
            <gpxtpx:atemp>0.0</gpxtpx:atemp>
          </gpxtpx:TrackPointExtension>
          <rrp:iri>5.006</rrp:iri>
          <rrp:raw_iri>0.000</rrp:raw_iri>
          <rrp:iri_class>C</rrp:iri_class>
          <rrp:quality>0.500</rrp:quality>
          <rrp:satellites>63</rrp:satellites>
          <rrp:speed_kmh>17.7</rrp:speed_kmh>
          <rrp:accuracy_m>1.2</rrp:accuracy_m>
          <rrp:accel_x>0.000000</rrp:accel_x>
          <rrp:accel_y>0.000000</rrp:accel_y>
          <rrp:accel_z>11.530476</rrp:accel_z>
          <rrp:gyro_x>0.000000</rrp:gyro_x>
          <rrp:gyro_y>0.000000</rrp:gyro_y>
          <rrp:gyro_z>0.000000</rrp:gyro_z>
          <rrp:sensor_rate_hz>125.0</rrp:sensor_rate_hz>
        </extensions>
      </trkpt>
      <trkpt lat="30.6460616" lon="76.6870364">
        <time>2026-07-24T09:20:41.219Z</time>
        <hdop>99.00</hdop>
        <extensions>
          <gpxtpx:TrackPointExtension>
            <gpxtpx:speed>5.70</gpxtpx:speed>
            <gpxtpx:atemp>0.0</gpxtpx:atemp>
          </gpxtpx:TrackPointExtension>
          <rrp:iri>3.739</rrp:iri>
          <rrp:raw_iri>0.000</rrp:raw_iri>
          <rrp:iri_class>B</rrp:iri_class>
          <rrp:quality>0.500</rrp:quality>
          <rrp:satellites>63</rrp:satellites>
          <rrp:speed_kmh>20.5</rrp:speed_kmh>
          <rrp:accuracy_m>1.3</rrp:accuracy_m>
          <rrp:accel_x>0.000000</rrp:accel_x>
          <rrp:accel_y>0.000000</rrp:accel_y>
          <rrp:accel_z>11.123461</rrp:accel_z>
          <rrp:gyro_x>0.000000</rrp:gyro_x>
          <rrp:gyro_y>0.000000</rrp:gyro_y>
          <rrp:gyro_z>0.000000</rrp:gyro_z>
          <rrp:sensor_rate_hz>125.0</rrp:sensor_rate_hz>
        </extensions>
      </trkpt>
      <trkpt lat="30.6460523" lon="76.6871580">
        <time>2026-07-24T09:20:43.191Z</time>
        <hdop>99.00</hdop>
        <extensions>
          <gpxtpx:TrackPointExtension>
            <gpxtpx:speed>6.13</gpxtpx:speed>
            <gpxtpx:atemp>0.0</gpxtpx:atemp>
          </gpxtpx:TrackPointExtension>
          <rrp:iri>3.525</rrp:iri>
          <rrp:raw_iri>0.000</rrp:raw_iri>
          <rrp:iri_class>B</rrp:iri_class>
          <rrp:quality>1.000</rrp:quality>
          <rrp:satellites>62</rrp:satellites>
          <rrp:speed_kmh>22.1</rrp:speed_kmh>
          <rrp:accuracy_m>1.3</rrp:accuracy_m>
          <rrp:accel_x>0.000000</rrp:accel_x>
          <rrp:accel_y>0.000000</rrp:accel_y>
          <rrp:accel_z>12.464214</rrp:accel_z>
          <rrp:gyro_x>0.000000</rrp:gyro_x>
          <rrp:gyro_y>0.000000</rrp:gyro_y>
          <rrp:gyro_z>0.000000</rrp:gyro_z>
          <rrp:sensor_rate_hz>124.9</rrp:sensor_rate_hz>
        </extensions>
      </trkpt>
      <trkpt lat="30.6460307" lon="76.6873333">
        <time>2026-07-24T09:20:45.194Z</time>
        <hdop>99.00</hdop>
        <extensions>
          <gpxtpx:TrackPointExtension>
            <gpxtpx:speed>8.93</gpxtpx:speed>
            <gpxtpx:atemp>0.0</gpxtpx:atemp>
          </gpxtpx:TrackPointExtension>
          <rrp:iri>3.296</rrp:iri>
          <rrp:raw_iri>0.000</rrp:raw_iri>
          <rrp:iri_class>B</rrp:iri_class>
          <rrp:quality>1.000</rrp:quality>
          <rrp:satellites>62</rrp:satellites>
          <rrp:speed_kmh>32.1</rrp:speed_kmh>
          <rrp:accuracy_m>1.3</rrp:accuracy_m>
          <rrp:accel_x>0.000000</rrp:accel_x>
          <rrp:accel_y>0.000000</rrp:accel_y>
          <rrp:accel_z>10.817003</rrp:accel_z>
          <rrp:gyro_x>0.000000</rrp:gyro_x>
          <rrp:gyro_y>0.000000</rrp:gyro_y>
          <rrp:gyro_z>0.000000</rrp:gyro_z>
          <rrp:sensor_rate_hz>125.0</rrp:sensor_rate_hz>
        </extensions>
      </trkpt>
      <trkpt lat="30.6460170" lon="76.6874393">
        <time>2026-07-24T09:20:46.189Z</time>
        <hdop>99.00</hdop>
        <extensions>
          <gpxtpx:TrackPointExtension>
            <gpxtpx:speed>10.53</gpxtpx:speed>
            <gpxtpx:atemp>0.0</gpxtpx:atemp>
          </gpxtpx:TrackPointExtension>
          <rrp:iri>1.881</rrp:iri>
          <rrp:raw_iri>0.000</rrp:raw_iri>
          <rrp:iri_class>A</rrp:iri_class>
          <rrp:quality>1.000</rrp:quality>
          <rrp:satellites>62</rrp:satellites>
          <rrp:speed_kmh>37.9</rrp:speed_kmh>
          <rrp:accuracy_m>1.0</rrp:accuracy_m>
          <rrp:accel_x>0.000000</rrp:accel_x>
          <rrp:accel_y>0.000000</rrp:accel_y>
          <rrp:accel_z>12.464214</rrp:accel_z>
          <rrp:gyro_x>0.000000</rrp:gyro_x>
          <rrp:gyro_y>0.000000</rrp:gyro_y>
          <rrp:gyro_z>0.000000</rrp:gyro_z>
          <rrp:sensor_rate_hz>124.5</rrp:sensor_rate_hz>
        </extensions>
      </trkpt>
      <trkpt lat="30.6460050" lon="76.6875505">
        <time>2026-07-24T09:20:47.201Z</time>
        <hdop>99.00</hdop>
        <extensions>
          <gpxtpx:TrackPointExtension>
            <gpxtpx:speed>10.39</gpxtpx:speed>
            <gpxtpx:atemp>0.0</gpxtpx:atemp>
          </gpxtpx:TrackPointExtension>
          <rrp:iri>1.355</rrp:iri>
          <rrp:raw_iri>0.000</rrp:raw_iri>
          <rrp:iri_class>A</rrp:iri_class>
          <rrp:quality>1.000</rrp:quality>
          <rrp:satellites>64</rrp:satellites>
          <rrp:speed_kmh>37.4</rrp:speed_kmh>
          <rrp:accuracy_m>1.0</rrp:accuracy_m>
          <rrp:accel_x>0.000000</rrp:accel_x>
          <rrp:accel_y>0.000000</rrp:accel_y>
          <rrp:accel_z>11.824963</rrp:accel_z>
          <rrp:gyro_x>0.000000</rrp:gyro_x>
          <rrp:gyro_y>0.000000</rrp:gyro_y>
          <rrp:gyro_z>0.000000</rrp:gyro_z>
          <rrp:sensor_rate_hz>124.5</rrp:sensor_rate_hz>
        </extensions>
      </trkpt>
      <trkpt lat="30.6459944" lon="76.6876568">
        <time>2026-07-24T09:20:48.224Z</time>
        <hdop>99.00</hdop>
        <extensions>
          <gpxtpx:TrackPointExtension>
            <gpxtpx:speed>9.77</gpxtpx:speed>
            <gpxtpx:atemp>0.0</gpxtpx:atemp>
          </gpxtpx:TrackPointExtension>
          <rrp:iri>1.235</rrp:iri>
          <rrp:raw_iri>0.000</rrp:raw_iri>
          <rrp:iri_class>A</rrp:iri_class>
          <rrp:quality>1.000</rrp:quality>
          <rrp:satellites>63</rrp:satellites>
          <rrp:speed_kmh>35.2</rrp:speed_kmh>
          <rrp:accuracy_m>1.0</rrp:accuracy_m>
          <rrp:accel_x>0.000000</rrp:accel_x>
          <rrp:accel_y>0.000000</rrp:accel_y>
          <rrp:accel_z>13.062764</rrp:accel_z>
          <rrp:gyro_x>0.000000</rrp:gyro_x>
          <rrp:gyro_y>0.000000</rrp:gyro_y>
          <rrp:gyro_z>0.000000</rrp:gyro_z>
          <rrp:sensor_rate_hz>124.9</rrp:sensor_rate_hz>
        </extensions>
      </trkpt>
      <trkpt lat="30.6459708" lon="76.6878588">
        <time>2026-07-24T09:20:50.192Z</time>
        <hdop>99.00</hdop>
        <extensions>
          <gpxtpx:TrackPointExtension>
            <gpxtpx:speed>9.89</gpxtpx:speed>
            <gpxtpx:atemp>0.0</gpxtpx:atemp>
          </gpxtpx:TrackPointExtension>
          <rrp:iri>1.452</rrp:iri>
          <rrp:raw_iri>0.000</rrp:raw_iri>
          <rrp:iri_class>A</rrp:iri_class>
          <rrp:quality>1.000</rrp:quality>
          <rrp:satellites>62</rrp:satellites>
          <rrp:speed_kmh>35.6</rrp:speed_kmh>
          <rrp:accuracy_m>1.0</rrp:accuracy_m>
          <rrp:accel_x>0.000000</rrp:accel_x>
          <rrp:accel_y>0.000000</rrp:accel_y>
          <rrp:accel_z>10.826580</rrp:accel_z>
          <rrp:gyro_x>0.000000</rrp:gyro_x>
          <rrp:gyro_y>0.000000</rrp:gyro_y>
          <rrp:gyro_z>0.000000</rrp:gyro_z>
          <rrp:sensor_rate_hz>124.9</rrp:sensor_rate_hz>
        </extensions>
      </trkpt>
      <trkpt lat="30.6459506" lon="76.6880497">
        <time>2026-07-24T09:20:52.205Z</time>
        <hdop>99.00</hdop>
        <extensions>
          <gpxtpx:TrackPointExtension>
            <gpxtpx:speed>9.16</gpxtpx:speed>
            <gpxtpx:atemp>0.0</gpxtpx:atemp>
          </gpxtpx:TrackPointExtension>
          <rrp:iri>1.054</rrp:iri>
          <rrp:raw_iri>0.000</rrp:raw_iri>
          <rrp:iri_class>A</rrp:iri_class>
          <rrp:quality>1.000</rrp:quality>
          <rrp:satellites>61</rrp:satellites>
          <rrp:speed_kmh>33.0</rrp:speed_kmh>
          <rrp:accuracy_m>1.0</rrp:accuracy_m>
          <rrp:accel_x>0.000000</rrp:accel_x>
          <rrp:accel_y>0.000000</rrp:accel_y>
          <rrp:accel_z>11.853693</rrp:accel_z>
          <rrp:gyro_x>0.000000</rrp:gyro_x>
          <rrp:gyro_y>0.000000</rrp:gyro_y>
          <rrp:gyro_z>0.000000</rrp:gyro_z>
          <rrp:sensor_rate_hz>124.9</rrp:sensor_rate_hz>
        </extensions>
      </trkpt>
      <trkpt lat="30.6459341" lon="76.6882353">
        <time>2026-07-24T09:20:54.197Z</time>
        <hdop>99.00</hdop>
        <extensions>
          <gpxtpx:TrackPointExtension>
            <gpxtpx:speed>8.96</gpxtpx:speed>
            <gpxtpx:atemp>0.0</gpxtpx:atemp>
          </gpxtpx:TrackPointExtension>
          <rrp:iri>1.015</rrp:iri>
          <rrp:raw_iri>0.000</rrp:raw_iri>
          <rrp:iri_class>A</rrp:iri_class>
          <rrp:quality>1.000</rrp:quality>
          <rrp:satellites>61</rrp:satellites>
          <rrp:speed_kmh>32.2</rrp:speed_kmh>
          <rrp:accuracy_m>1.0</rrp:accuracy_m>
          <rrp:accel_x>0.000000</rrp:accel_x>
          <rrp:accel_y>0.000000</rrp:accel_y>
          <rrp:accel_z>11.980585</rrp:accel_z>
          <rrp:gyro_x>0.000000</rrp:gyro_x>
          <rrp:gyro_y>0.000000</rrp:gyro_y>
          <rrp:gyro_z>0.000000</rrp:gyro_z>
          <rrp:sensor_rate_hz>124.9</rrp:sensor_rate_hz>
        </extensions>
      </trkpt>
      <trkpt lat="30.6459138" lon="76.6884225">
        <time>2026-07-24T09:20:56.208Z</time>
        <hdop>99.00</hdop>
        <extensions>
          <gpxtpx:TrackPointExtension>
            <gpxtpx:speed>9.20</gpxtpx:speed>
            <gpxtpx:atemp>0.0</gpxtpx:atemp>
          </gpxtpx:TrackPointExtension>
          <rrp:iri>2.152</rrp:iri>
          <rrp:raw_iri>0.000</rrp:raw_iri>
          <rrp:iri_class>B</rrp:iri_class>
          <rrp:quality>1.000</rrp:quality>
          <rrp:satellites>63</rrp:satellites>
          <rrp:speed_kmh>33.1</rrp:speed_kmh>
          <rrp:accuracy_m>1.0</rrp:accuracy_m>
          <rrp:accel_x>0.000000</rrp:accel_x>
          <rrp:accel_y>0.000000</rrp:accel_y>
          <rrp:accel_z>15.018827</rrp:accel_z>
          <rrp:gyro_x>0.000000</rrp:gyro_x>
          <rrp:gyro_y>0.000000</rrp:gyro_y>
          <rrp:gyro_z>0.000000</rrp:gyro_z>
          <rrp:sensor_rate_hz>124.9</rrp:sensor_rate_hz>
        </extensions>
      </trkpt>
      <trkpt lat="30.6458899" lon="76.6886173">
        <time>2026-07-24T09:20:58.190Z</time>
        <hdop>99.00</hdop>
        <extensions>
          <gpxtpx:TrackPointExtension>
            <gpxtpx:speed>9.46</gpxtpx:speed>
            <gpxtpx:atemp>0.0</gpxtpx:atemp>
          </gpxtpx:TrackPointExtension>
          <rrp:iri>3.794</rrp:iri>
          <rrp:raw_iri>0.000</rrp:raw_iri>
          <rrp:iri_class>B</rrp:iri_class>
          <rrp:quality>0.500</rrp:quality>
          <rrp:satellites>64</rrp:satellites>
          <rrp:speed_kmh>34.1</rrp:speed_kmh>
          <rrp:accuracy_m>1.0</rrp:accuracy_m>
          <rrp:accel_x>0.000000</rrp:accel_x>
          <rrp:accel_y>0.000000</rrp:accel_y>
          <rrp:accel_z>14.128184</rrp:accel_z>
          <rrp:gyro_x>0.000000</rrp:gyro_x>
          <rrp:gyro_y>0.000000</rrp:gyro_y>
          <rrp:gyro_z>0.000000</rrp:gyro_z>
          <rrp:sensor_rate_hz>124.9</rrp:sensor_rate_hz>
        </extensions>
      </trkpt>
      <trkpt lat="30.6458704" lon="76.6888160">
        <time>2026-07-24T09:21:00.180Z</time>
        <hdop>99.00</hdop>
        <extensions>
          <gpxtpx:TrackPointExtension>
            <gpxtpx:speed>9.71</gpxtpx:speed>
            <gpxtpx:atemp>0.0</gpxtpx:atemp>
          </gpxtpx:TrackPointExtension>
          <rrp:iri>2.645</rrp:iri>
          <rrp:raw_iri>0.000</rrp:raw_iri>
          <rrp:iri_class>B</rrp:iri_class>
          <rrp:quality>0.500</rrp:quality>
          <rrp:satellites>64</rrp:satellites>
          <rrp:speed_kmh>35.0</rrp:speed_kmh>
          <rrp:accuracy_m>1.0</rrp:accuracy_m>
          <rrp:accel_x>0.000000</rrp:accel_x>
          <rrp:accel_y>0.000000</rrp:accel_y>
          <rrp:accel_z>20.523096</rrp:accel_z>
          <rrp:gyro_x>0.000000</rrp:gyro_x>
          <rrp:gyro_y>0.000000</rrp:gyro_y>
          <rrp:gyro_z>0.000000</rrp:gyro_z>
          <rrp:sensor_rate_hz>125.0</rrp:sensor_rate_hz>
        </extensions>
      </trkpt>
      <trkpt lat="30.6458516" lon="76.6890212">
        <time>2026-07-24T09:21:02.195Z</time>
        <hdop>99.00</hdop>
        <extensions>
          <gpxtpx:TrackPointExtension>
            <gpxtpx:speed>9.95</gpxtpx:speed>
            <gpxtpx:atemp>0.0</gpxtpx:atemp>
          </gpxtpx:TrackPointExtension>
          <rrp:iri>1.499</rrp:iri>
          <rrp:raw_iri>0.000</rrp:raw_iri>
          <rrp:iri_class>A</rrp:iri_class>
          <rrp:quality>0.500</rrp:quality>
          <rrp:satellites>64</rrp:satellites>
          <rrp:speed_kmh>35.8</rrp:speed_kmh>
          <rrp:accuracy_m>1.0</rrp:accuracy_m>
          <rrp:accel_x>0.000000</rrp:accel_x>
          <rrp:accel_y>0.000000</rrp:accel_y>
          <rrp:accel_z>18.195932</rrp:accel_z>
          <rrp:gyro_x>0.000000</rrp:gyro_x>
          <rrp:gyro_y>0.000000</rrp:gyro_y>
          <rrp:gyro_z>0.000000</rrp:gyro_z>
          <rrp:sensor_rate_hz>124.9</rrp:sensor_rate_hz>
        </extensions>
      </trkpt>
      <trkpt lat="30.6458346" lon="76.6892258">
        <time>2026-07-24T09:21:04.202Z</time>
        <hdop>99.00</hdop>
        <extensions>
          <gpxtpx:TrackPointExtension>
            <gpxtpx:speed>9.96</gpxtpx:speed>
            <gpxtpx:atemp>0.0</gpxtpx:atemp>
          </gpxtpx:TrackPointExtension>
          <rrp:iri>2.315</rrp:iri>
          <rrp:raw_iri>0.000</rrp:raw_iri>
          <rrp:iri_class>B</rrp:iri_class>
          <rrp:quality>0.500</rrp:quality>
          <rrp:satellites>65</rrp:satellites>
          <rrp:speed_kmh>35.9</rrp:speed_kmh>
          <rrp:accuracy_m>1.0</rrp:accuracy_m>
          <rrp:accel_x>0.000000</rrp:accel_x>
          <rrp:accel_y>0.000000</rrp:accel_y>
          <rrp:accel_z>23.412899</rrp:accel_z>
          <rrp:gyro_x>0.000000</rrp:gyro_x>
          <rrp:gyro_y>0.000000</rrp:gyro_y>
          <rrp:gyro_z>0.000000</rrp:gyro_z>
          <rrp:sensor_rate_hz>124.9</rrp:sensor_rate_hz>
        </extensions>
      </trkpt>
      <trkpt lat="30.6458249" lon="76.6894171">
        <time>2026-07-24T09:21:06.216Z</time>
        <hdop>99.00</hdop>
        <extensions>
          <gpxtpx:TrackPointExtension>
            <gpxtpx:speed>9.06</gpxtpx:speed>
            <gpxtpx:atemp>0.0</gpxtpx:atemp>
          </gpxtpx:TrackPointExtension>
          <rrp:iri>1.894</rrp:iri>
          <rrp:raw_iri>0.000</rrp:raw_iri>
          <rrp:iri_class>A</rrp:iri_class>
          <rrp:quality>0.500</rrp:quality>
          <rrp:satellites>66</rrp:satellites>
          <rrp:speed_kmh>32.6</rrp:speed_kmh>
          <rrp:accuracy_m>1.0</rrp:accuracy_m>
          <rrp:accel_x>0.000000</rrp:accel_x>
          <rrp:accel_y>0.000000</rrp:accel_y>
          <rrp:accel_z>18.109741</rrp:accel_z>
          <rrp:gyro_x>0.000000</rrp:gyro_x>
          <rrp:gyro_y>0.000000</rrp:gyro_y>
          <rrp:gyro_z>0.000000</rrp:gyro_z>
          <rrp:sensor_rate_hz>125.0</rrp:sensor_rate_hz>
        </extensions>
      </trkpt>
      <trkpt lat="30.6458141" lon="76.6895972">
        <time>2026-07-24T09:21:08.234Z</time>
        <hdop>99.00</hdop>
        <extensions>
          <gpxtpx:TrackPointExtension>
            <gpxtpx:speed>9.00</gpxtpx:speed>
            <gpxtpx:atemp>0.0</gpxtpx:atemp>
          </gpxtpx:TrackPointExtension>
          <rrp:iri>1.908</rrp:iri>
          <rrp:raw_iri>0.000</rrp:raw_iri>
          <rrp:iri_class>A</rrp:iri_class>
          <rrp:quality>1.000</rrp:quality>
          <rrp:satellites>64</rrp:satellites>
          <rrp:speed_kmh>32.4</rrp:speed_kmh>
          <rrp:accuracy_m>1.0</rrp:accuracy_m>
          <rrp:accel_x>0.000000</rrp:accel_x>
          <rrp:accel_y>0.000000</rrp:accel_y>
          <rrp:accel_z>12.976573</rrp:accel_z>
          <rrp:gyro_x>0.000000</rrp:gyro_x>
          <rrp:gyro_y>0.000000</rrp:gyro_y>
          <rrp:gyro_z>0.000000</rrp:gyro_z>
          <rrp:sensor_rate_hz>124.9</rrp:sensor_rate_hz>
        </extensions>
      </trkpt>
      <trkpt lat="30.6458062" lon="76.6897895">
        <time>2026-07-24T09:21:10.210Z</time>
        <hdop>99.00</hdop>
        <extensions>
          <gpxtpx:TrackPointExtension>
            <gpxtpx:speed>9.69</gpxtpx:speed>
            <gpxtpx:atemp>0.0</gpxtpx:atemp>
          </gpxtpx:TrackPointExtension>
          <rrp:iri>1.609</rrp:iri>
          <rrp:raw_iri>0.000</rrp:raw_iri>
          <rrp:iri_class>A</rrp:iri_class>
          <rrp:quality>1.000</rrp:quality>
          <rrp:satellites>66</rrp:satellites>
          <rrp:speed_kmh>34.9</rrp:speed_kmh>
          <rrp:accuracy_m>1.0</rrp:accuracy_m>
          <rrp:accel_x>0.000000</rrp:accel_x>
          <rrp:accel_y>0.000000</rrp:accel_y>
          <rrp:accel_z>21.545422</rrp:accel_z>
          <rrp:gyro_x>0.000000</rrp:gyro_x>
          <rrp:gyro_y>0.000000</rrp:gyro_y>
          <rrp:gyro_z>0.000000</rrp:gyro_z>
          <rrp:sensor_rate_hz>124.5</rrp:sensor_rate_hz>
        </extensions>
      </trkpt>
      <trkpt lat="30.6458054" lon="76.6898952">
        <time>2026-07-24T09:21:11.206Z</time>
        <hdop>99.00</hdop>
        <extensions>
          <gpxtpx:TrackPointExtension>
            <gpxtpx:speed>10.03</gpxtpx:speed>
            <gpxtpx:atemp>0.0</gpxtpx:atemp>
          </gpxtpx:TrackPointExtension>
          <rrp:iri>2.185</rrp:iri>
          <rrp:raw_iri>0.000</rrp:raw_iri>
          <rrp:iri_class>B</rrp:iri_class>
          <rrp:quality>1.000</rrp:quality>
          <rrp:satellites>66</rrp:satellites>
          <rrp:speed_kmh>36.1</rrp:speed_kmh>
          <rrp:accuracy_m>1.0</rrp:accuracy_m>
          <rrp:accel_x>0.000000</rrp:accel_x>
          <rrp:accel_y>0.000000</rrp:accel_y>
          <rrp:accel_z>28.174965</rrp:accel_z>
          <rrp:gyro_x>0.000000</rrp:gyro_x>
          <rrp:gyro_y>0.000000</rrp:gyro_y>
          <rrp:gyro_z>0.000000</rrp:gyro_z>
          <rrp:sensor_rate_hz>124.5</rrp:sensor_rate_hz>
        </extensions>
      </trkpt>
      <trkpt lat="30.6458047" lon="76.6899998">
        <time>2026-07-24T09:21:12.201Z</time>
        <hdop>99.00</hdop>
        <extensions>
          <gpxtpx:TrackPointExtension>
            <gpxtpx:speed>9.57</gpxtpx:speed>
            <gpxtpx:atemp>0.0</gpxtpx:atemp>
          </gpxtpx:TrackPointExtension>
          <rrp:iri>2.933</rrp:iri>
          <rrp:raw_iri>0.000</rrp:raw_iri>
          <rrp:iri_class>B</rrp:iri_class>
          <rrp:quality>1.000</rrp:quality>
          <rrp:satellites>66</rrp:satellites>
          <rrp:speed_kmh>34.4</rrp:speed_kmh>
          <rrp:accuracy_m>1.0</rrp:accuracy_m>
          <rrp:accel_x>0.000000</rrp:accel_x>
          <rrp:accel_y>0.000000</rrp:accel_y>
          <rrp:accel_z>19.309237</rrp:accel_z>
          <rrp:gyro_x>0.000000</rrp:gyro_x>
          <rrp:gyro_y>0.000000</rrp:gyro_y>
          <rrp:gyro_z>0.000000</rrp:gyro_z>
          <rrp:sensor_rate_hz>124.9</rrp:sensor_rate_hz>
        </extensions>
      </trkpt>
      <trkpt lat="30.6458012" lon="76.6901949">
        <time>2026-07-24T09:21:14.226Z</time>
        <hdop>99.00</hdop>
        <extensions>
          <gpxtpx:TrackPointExtension>
            <gpxtpx:speed>9.26</gpxtpx:speed>
            <gpxtpx:atemp>0.0</gpxtpx:atemp>
          </gpxtpx:TrackPointExtension>
          <rrp:iri>2.561</rrp:iri>
          <rrp:raw_iri>0.000</rrp:raw_iri>
          <rrp:iri_class>B</rrp:iri_class>
          <rrp:quality>1.000</rrp:quality>
          <rrp:satellites>66</rrp:satellites>
          <rrp:speed_kmh>33.3</rrp:speed_kmh>
          <rrp:accuracy_m>1.0</rrp:accuracy_m>
          <rrp:accel_x>0.000000</rrp:accel_x>
          <rrp:accel_y>0.000000</rrp:accel_y>
          <rrp:accel_z>23.106441</rrp:accel_z>
          <rrp:gyro_x>0.000000</rrp:gyro_x>
          <rrp:gyro_y>0.000000</rrp:gyro_y>
          <rrp:gyro_z>0.000000</rrp:gyro_z>
          <rrp:sensor_rate_hz>125.0</rrp:sensor_rate_hz>
        </extensions>
      </trkpt>
      <trkpt lat="30.6457964" lon="76.6903860">
        <time>2026-07-24T09:21:16.255Z</time>
        <hdop>99.00</hdop>
        <extensions>
          <gpxtpx:TrackPointExtension>
            <gpxtpx:speed>9.21</gpxtpx:speed>
            <gpxtpx:atemp>0.0</gpxtpx:atemp>
          </gpxtpx:TrackPointExtension>
          <rrp:iri>2.775</rrp:iri>
          <rrp:raw_iri>0.000</rrp:raw_iri>
          <rrp:iri_class>B</rrp:iri_class>
          <rrp:quality>1.000</rrp:quality>
          <rrp:satellites>66</rrp:satellites>
          <rrp:speed_kmh>33.2</rrp:speed_kmh>
          <rrp:accuracy_m>1.0</rrp:accuracy_m>
          <rrp:accel_x>0.000000</rrp:accel_x>
          <rrp:accel_y>0.000000</rrp:accel_y>
          <rrp:accel_z>21.181503</rrp:accel_z>
          <rrp:gyro_x>0.000000</rrp:gyro_x>
          <rrp:gyro_y>0.000000</rrp:gyro_y>
          <rrp:gyro_z>0.000000</rrp:gyro_z>
          <rrp:sensor_rate_hz>124.9</rrp:sensor_rate_hz>
        </extensions>
      </trkpt>
      <trkpt lat="30.6457947" lon="76.6905777">
        <time>2026-07-24T09:21:18.214Z</time>
        <hdop>99.00</hdop>
        <extensions>
          <gpxtpx:TrackPointExtension>
            <gpxtpx:speed>9.19</gpxtpx:speed>
            <gpxtpx:atemp>0.0</gpxtpx:atemp>
          </gpxtpx:TrackPointExtension>
          <rrp:iri>3.061</rrp:iri>
          <rrp:raw_iri>0.000</rrp:raw_iri>
          <rrp:iri_class>B</rrp:iri_class>
          <rrp:quality>1.000</rrp:quality>
          <rrp:satellites>66</rrp:satellites>
          <rrp:speed_kmh>33.1</rrp:speed_kmh>
          <rrp:accuracy_m>1.0</rrp:accuracy_m>
          <rrp:accel_x>0.000000</rrp:accel_x>
          <rrp:accel_y>0.000000</rrp:accel_y>
          <rrp:accel_z>19.761742</rrp:accel_z>
          <rrp:gyro_x>0.000000</rrp:gyro_x>
          <rrp:gyro_y>0.000000</rrp:gyro_y>
          <rrp:gyro_z>0.000000</rrp:gyro_z>
          <rrp:sensor_rate_hz>125.0</rrp:sensor_rate_hz>
        </extensions>
      </trkpt>
      <trkpt lat="30.6457929" lon="76.6907686">
        <time>2026-07-24T09:21:20.188Z</time>
        <hdop>99.00</hdop>
        <extensions>
          <gpxtpx:TrackPointExtension>
            <gpxtpx:speed>9.33</gpxtpx:speed>
            <gpxtpx:atemp>0.0</gpxtpx:atemp>
          </gpxtpx:TrackPointExtension>
          <rrp:iri>2.750</rrp:iri>
          <rrp:raw_iri>0.000</rrp:raw_iri>
          <rrp:iri_class>B</rrp:iri_class>
          <rrp:quality>1.000</rrp:quality>
          <rrp:satellites>66</rrp:satellites>
          <rrp:speed_kmh>33.6</rrp:speed_kmh>
          <rrp:accuracy_m>1.0</rrp:accuracy_m>
          <rrp:accel_x>0.000000</rrp:accel_x>
          <rrp:accel_y>0.000000</rrp:accel_y>
          <rrp:accel_z>21.866243</rrp:accel_z>
          <rrp:gyro_x>0.000000</rrp:gyro_x>
          <rrp:gyro_y>0.000000</rrp:gyro_y>
          <rrp:gyro_z>0.000000</rrp:gyro_z>
          <rrp:sensor_rate_hz>124.9</rrp:sensor_rate_hz>
        </extensions>
      </trkpt>
      <trkpt lat="30.6457907" lon="76.6909702">
        <time>2026-07-24T09:21:22.223Z</time>
        <hdop>99.00</hdop>
        <extensions>
          <gpxtpx:TrackPointExtension>
            <gpxtpx:speed>9.48</gpxtpx:speed>
            <gpxtpx:atemp>0.0</gpxtpx:atemp>
          </gpxtpx:TrackPointExtension>
          <rrp:iri>2.261</rrp:iri>
          <rrp:raw_iri>0.000</rrp:raw_iri>
          <rrp:iri_class>B</rrp:iri_class>
          <rrp:quality>0.500</rrp:quality>
          <rrp:satellites>66</rrp:satellites>
          <rrp:speed_kmh>34.1</rrp:speed_kmh>
          <rrp:accuracy_m>1.0</rrp:accuracy_m>
          <rrp:accel_x>0.000000</rrp:accel_x>
          <rrp:accel_y>0.000000</rrp:accel_y>
          <rrp:accel_z>19.591753</rrp:accel_z>
          <rrp:gyro_x>0.000000</rrp:gyro_x>
          <rrp:gyro_y>0.000000</rrp:gyro_y>
          <rrp:gyro_z>0.000000</rrp:gyro_z>
          <rrp:sensor_rate_hz>124.9</rrp:sensor_rate_hz>
        </extensions>
      </trkpt>
      <trkpt lat="30.6457842" lon="76.6911701">
        <time>2026-07-24T09:21:24.184Z</time>
        <hdop>99.00</hdop>
        <extensions>
          <gpxtpx:TrackPointExtension>
            <gpxtpx:speed>9.55</gpxtpx:speed>
            <gpxtpx:atemp>0.0</gpxtpx:atemp>
          </gpxtpx:TrackPointExtension>
          <rrp:iri>2.176</rrp:iri>
          <rrp:raw_iri>0.000</rrp:raw_iri>
          <rrp:iri_class>B</rrp:iri_class>
          <rrp:quality>0.500</rrp:quality>
          <rrp:satellites>66</rrp:satellites>
          <rrp:speed_kmh>34.4</rrp:speed_kmh>
          <rrp:accuracy_m>1.0</rrp:accuracy_m>
          <rrp:accel_x>0.000000</rrp:accel_x>
          <rrp:accel_y>0.000000</rrp:accel_y>
          <rrp:accel_z>21.385010</rrp:accel_z>
          <rrp:gyro_x>0.000000</rrp:gyro_x>
          <rrp:gyro_y>0.000000</rrp:gyro_y>
          <rrp:gyro_z>0.000000</rrp:gyro_z>
          <rrp:sensor_rate_hz>125.0</rrp:sensor_rate_hz>
        </extensions>
      </trkpt>
      <trkpt lat="30.6457769" lon="76.6913775">
        <time>2026-07-24T09:21:26.186Z</time>
        <hdop>99.00</hdop>
        <extensions>
          <gpxtpx:TrackPointExtension>
            <gpxtpx:speed>9.72</gpxtpx:speed>
            <gpxtpx:atemp>0.0</gpxtpx:atemp>
          </gpxtpx:TrackPointExtension>
          <rrp:iri>2.571</rrp:iri>
          <rrp:raw_iri>0.000</rrp:raw_iri>
          <rrp:iri_class>B</rrp:iri_class>
          <rrp:quality>0.500</rrp:quality>
          <rrp:satellites>66</rrp:satellites>
          <rrp:speed_kmh>35.0</rrp:speed_kmh>
          <rrp:accuracy_m>1.0</rrp:accuracy_m>
          <rrp:accel_x>0.000000</rrp:accel_x>
          <rrp:accel_y>0.000000</rrp:accel_y>
          <rrp:accel_z>22.151154</rrp:accel_z>
          <rrp:gyro_x>0.000000</rrp:gyro_x>
          <rrp:gyro_y>0.000000</rrp:gyro_y>
          <rrp:gyro_z>0.000000</rrp:gyro_z>
          <rrp:sensor_rate_hz>124.9</rrp:sensor_rate_hz>
        </extensions>
      </trkpt>
      <trkpt lat="30.6457712" lon="76.6915815">
        <time>2026-07-24T09:21:28.176Z</time>
        <hdop>99.00</hdop>
        <extensions>
          <gpxtpx:TrackPointExtension>
            <gpxtpx:speed>9.83</gpxtpx:speed>
            <gpxtpx:atemp>0.0</gpxtpx:atemp>
          </gpxtpx:TrackPointExtension>
          <rrp:iri>2.282</rrp:iri>
          <rrp:raw_iri>0.000</rrp:raw_iri>
          <rrp:iri_class>B</rrp:iri_class>
          <rrp:quality>0.500</rrp:quality>
          <rrp:satellites>66</rrp:satellites>
          <rrp:speed_kmh>35.4</rrp:speed_kmh>
          <rrp:accuracy_m>1.0</rrp:accuracy_m>
          <rrp:accel_x>0.000000</rrp:accel_x>
          <rrp:accel_y>0.000000</rrp:accel_y>
          <rrp:accel_z>19.639637</rrp:accel_z>
          <rrp:gyro_x>0.000000</rrp:gyro_x>
          <rrp:gyro_y>0.000000</rrp:gyro_y>
          <rrp:gyro_z>0.000000</rrp:gyro_z>
          <rrp:sensor_rate_hz>125.0</rrp:sensor_rate_hz>
        </extensions>
      </trkpt>
      <trkpt lat="30.6457713" lon="76.6916866">
        <time>2026-07-24T09:21:29.191Z</time>
        <hdop>99.00</hdop>
        <extensions>
          <gpxtpx:TrackPointExtension>
            <gpxtpx:speed>9.90</gpxtpx:speed>
            <gpxtpx:atemp>0.0</gpxtpx:atemp>
          </gpxtpx:TrackPointExtension>
          <rrp:iri>1.627</rrp:iri>
          <rrp:raw_iri>0.000</rrp:raw_iri>
          <rrp:iri_class>A</rrp:iri_class>
          <rrp:quality>0.500</rrp:quality>
          <rrp:satellites>65</rrp:satellites>
          <rrp:speed_kmh>35.6</rrp:speed_kmh>
          <rrp:accuracy_m>1.0</rrp:accuracy_m>
          <rrp:accel_x>0.000000</rrp:accel_x>
          <rrp:accel_y>0.000000</rrp:accel_y>
          <rrp:accel_z>10.508151</rrp:accel_z>
          <rrp:gyro_x>0.000000</rrp:gyro_x>
          <rrp:gyro_y>0.000000</rrp:gyro_y>
          <rrp:gyro_z>0.000000</rrp:gyro_z>
          <rrp:sensor_rate_hz>125.0</rrp:sensor_rate_hz>
        </extensions>
      </trkpt>
      <trkpt lat="30.6457830" lon="76.6918957">
        <time>2026-07-24T09:21:31.215Z</time>
        <hdop>99.00</hdop>
        <extensions>
          <gpxtpx:TrackPointExtension>
            <gpxtpx:speed>9.97</gpxtpx:speed>
            <gpxtpx:atemp>0.0</gpxtpx:atemp>
          </gpxtpx:TrackPointExtension>
          <rrp:iri>1.883</rrp:iri>
          <rrp:raw_iri>0.000</rrp:raw_iri>
          <rrp:iri_class>A</rrp:iri_class>
          <rrp:quality>0.500</rrp:quality>
          <rrp:satellites>66</rrp:satellites>
          <rrp:speed_kmh>35.9</rrp:speed_kmh>
          <rrp:accuracy_m>1.0</rrp:accuracy_m>
          <rrp:accel_x>0.000000</rrp:accel_x>
          <rrp:accel_y>0.000000</rrp:accel_y>
          <rrp:accel_z>17.276560</rrp:accel_z>
          <rrp:gyro_x>0.000000</rrp:gyro_x>
          <rrp:gyro_y>0.000000</rrp:gyro_y>
          <rrp:gyro_z>0.000000</rrp:gyro_z>
          <rrp:sensor_rate_hz>124.9</rrp:sensor_rate_hz>
        </extensions>
      </trkpt>
      <trkpt lat="30.6457931" lon="76.6921034">
        <time>2026-07-24T09:21:33.184Z</time>
        <hdop>99.00</hdop>
        <extensions>
          <gpxtpx:TrackPointExtension>
            <gpxtpx:speed>10.05</gpxtpx:speed>
            <gpxtpx:atemp>0.0</gpxtpx:atemp>
          </gpxtpx:TrackPointExtension>
          <rrp:iri>2.062</rrp:iri>
          <rrp:raw_iri>0.000</rrp:raw_iri>
          <rrp:iri_class>B</rrp:iri_class>
          <rrp:quality>0.500</rrp:quality>
          <rrp:satellites>66</rrp:satellites>
          <rrp:speed_kmh>36.2</rrp:speed_kmh>
          <rrp:accuracy_m>1.0</rrp:accuracy_m>
          <rrp:accel_x>0.000000</rrp:accel_x>
          <rrp:accel_y>0.000000</rrp:accel_y>
          <rrp:accel_z>21.842302</rrp:accel_z>
          <rrp:gyro_x>0.000000</rrp:gyro_x>
          <rrp:gyro_y>0.000000</rrp:gyro_y>
          <rrp:gyro_z>0.000000</rrp:gyro_z>
          <rrp:sensor_rate_hz>125.0</rrp:sensor_rate_hz>
        </extensions>
      </trkpt>
      <trkpt lat="30.6457935" lon="76.6923103">
        <time>2026-07-24T09:21:35.228Z</time>
        <hdop>99.00</hdop>
        <extensions>
          <gpxtpx:TrackPointExtension>
            <gpxtpx:speed>10.10</gpxtpx:speed>
            <gpxtpx:atemp>0.0</gpxtpx:atemp>
          </gpxtpx:TrackPointExtension>
          <rrp:iri>2.128</rrp:iri>
          <rrp:raw_iri>0.000</rrp:raw_iri>
          <rrp:iri_class>B</rrp:iri_class>
          <rrp:quality>0.500</rrp:quality>
          <rrp:satellites>66</rrp:satellites>
          <rrp:speed_kmh>36.4</rrp:speed_kmh>
          <rrp:accuracy_m>1.0</rrp:accuracy_m>
          <rrp:accel_x>0.000000</rrp:accel_x>
          <rrp:accel_y>0.000000</rrp:accel_y>
          <rrp:accel_z>18.016367</rrp:accel_z>
          <rrp:gyro_x>0.000000</rrp:gyro_x>
          <rrp:gyro_y>0.000000</rrp:gyro_y>
          <rrp:gyro_z>0.000000</rrp:gyro_z>
          <rrp:sensor_rate_hz>125.0</rrp:sensor_rate_hz>
        </extensions>
      </trkpt>
      <trkpt lat="30.6457921" lon="76.6924171">
        <time>2026-07-24T09:21:36.203Z</time>
        <hdop>99.00</hdop>
        <extensions>
          <gpxtpx:TrackPointExtension>
            <gpxtpx:speed>10.17</gpxtpx:speed>
            <gpxtpx:atemp>0.0</gpxtpx:atemp>
          </gpxtpx:TrackPointExtension>
          <rrp:iri>2.065</rrp:iri>
          <rrp:raw_iri>0.000</rrp:raw_iri>
          <rrp:iri_class>B</rrp:iri_class>
          <rrp:quality>0.500</rrp:quality>
          <rrp:satellites>65</rrp:satellites>
          <rrp:speed_kmh>36.6</rrp:speed_kmh>
          <rrp:accuracy_m>1.0</rrp:accuracy_m>
          <rrp:accel_x>0.000000</rrp:accel_x>
          <rrp:accel_y>0.000000</rrp:accel_y>
          <rrp:accel_z>16.199169</rrp:accel_z>
          <rrp:gyro_x>0.000000</rrp:gyro_x>
          <rrp:gyro_y>0.000000</rrp:gyro_y>
          <rrp:gyro_z>0.000000</rrp:gyro_z>
          <rrp:sensor_rate_hz>124.9</rrp:sensor_rate_hz>
        </extensions>
      </trkpt>
      <trkpt lat="30.6457936" lon="76.6925244">
        <time>2026-07-24T09:21:37.184Z</time>
        <hdop>99.00</hdop>
        <extensions>
          <gpxtpx:TrackPointExtension>
            <gpxtpx:speed>10.22</gpxtpx:speed>
            <gpxtpx:atemp>0.0</gpxtpx:atemp>
          </gpxtpx:TrackPointExtension>
          <rrp:iri>2.608</rrp:iri>
          <rrp:raw_iri>0.000</rrp:raw_iri>
          <rrp:iri_class>B</rrp:iri_class>
          <rrp:quality>0.500</rrp:quality>
          <rrp:satellites>66</rrp:satellites>
          <rrp:speed_kmh>36.8</rrp:speed_kmh>
          <rrp:accuracy_m>1.0</rrp:accuracy_m>
          <rrp:accel_x>0.000000</rrp:accel_x>
          <rrp:accel_y>0.000000</rrp:accel_y>
          <rrp:accel_z>21.310789</rrp:accel_z>
          <rrp:gyro_x>0.000000</rrp:gyro_x>
          <rrp:gyro_y>0.000000</rrp:gyro_y>
          <rrp:gyro_z>0.000000</rrp:gyro_z>
          <rrp:sensor_rate_hz>124.9</rrp:sensor_rate_hz>
        </extensions>
      </trkpt>
      <trkpt lat="30.6457977" lon="76.6926320">
        <time>2026-07-24T09:21:38.195Z</time>
        <hdop>99.00</hdop>
        <extensions>
          <gpxtpx:TrackPointExtension>
            <gpxtpx:speed>10.21</gpxtpx:speed>
            <gpxtpx:atemp>0.0</gpxtpx:atemp>
          </gpxtpx:TrackPointExtension>
          <rrp:iri>2.526</rrp:iri>
          <rrp:raw_iri>0.000</rrp:raw_iri>
          <rrp:iri_class>B</rrp:iri_class>
          <rrp:quality>0.500</rrp:quality>
          <rrp:satellites>66</rrp:satellites>
          <rrp:speed_kmh>36.8</rrp:speed_kmh>
          <rrp:accuracy_m>1.0</rrp:accuracy_m>
          <rrp:accel_x>0.000000</rrp:accel_x>
          <rrp:accel_y>0.000000</rrp:accel_y>
          <rrp:accel_z>20.420147</rrp:accel_z>
          <rrp:gyro_x>0.000000</rrp:gyro_x>
          <rrp:gyro_y>0.000000</rrp:gyro_y>
          <rrp:gyro_z>0.000000</rrp:gyro_z>
          <rrp:sensor_rate_hz>124.9</rrp:sensor_rate_hz>
        </extensions>
      </trkpt>
      <trkpt lat="30.6458033" lon="76.6927400">
        <time>2026-07-24T09:21:39.204Z</time>
        <hdop>99.00</hdop>
        <extensions>
          <gpxtpx:TrackPointExtension>
            <gpxtpx:speed>10.30</gpxtpx:speed>
            <gpxtpx:atemp>0.0</gpxtpx:atemp>
          </gpxtpx:TrackPointExtension>
          <rrp:iri>2.151</rrp:iri>
          <rrp:raw_iri>0.000</rrp:raw_iri>
          <rrp:iri_class>B</rrp:iri_class>
          <rrp:quality>0.500</rrp:quality>
          <rrp:satellites>65</rrp:satellites>
          <rrp:speed_kmh>37.1</rrp:speed_kmh>
          <rrp:accuracy_m>1.0</rrp:accuracy_m>
          <rrp:accel_x>0.000000</rrp:accel_x>
          <rrp:accel_y>0.000000</rrp:accel_y>
          <rrp:accel_z>17.204733</rrp:accel_z>
          <rrp:gyro_x>0.000000</rrp:gyro_x>
          <rrp:gyro_y>0.000000</rrp:gyro_y>
          <rrp:gyro_z>0.000000</rrp:gyro_z>
          <rrp:sensor_rate_hz>124.9</rrp:sensor_rate_hz>
        </extensions>
      </trkpt>
      <trkpt lat="30.6458115" lon="76.6928483">
        <time>2026-07-24T09:21:40.201Z</time>
        <hdop>99.00</hdop>
        <extensions>
          <gpxtpx:TrackPointExtension>
            <gpxtpx:speed>10.26</gpxtpx:speed>
            <gpxtpx:atemp>0.0</gpxtpx:atemp>
          </gpxtpx:TrackPointExtension>
          <rrp:iri>1.849</rrp:iri>
          <rrp:raw_iri>0.000</rrp:raw_iri>
          <rrp:iri_class>A</rrp:iri_class>
          <rrp:quality>0.500</rrp:quality>
          <rrp:satellites>66</rrp:satellites>
          <rrp:speed_kmh>36.9</rrp:speed_kmh>
          <rrp:accuracy_m>1.0</rrp:accuracy_m>
          <rrp:accel_x>0.000000</rrp:accel_x>
          <rrp:accel_y>0.000000</rrp:accel_y>
          <rrp:accel_z>16.345215</rrp:accel_z>
          <rrp:gyro_x>0.000000</rrp:gyro_x>
          <rrp:gyro_y>0.000000</rrp:gyro_y>
          <rrp:gyro_z>0.000000</rrp:gyro_z>
          <rrp:sensor_rate_hz>125.0</rrp:sensor_rate_hz>
        </extensions>
      </trkpt>
      <trkpt lat="30.6458313" lon="76.6930605">
        <time>2026-07-24T09:21:42.217Z</time>
        <hdop>99.00</hdop>
        <extensions>
          <gpxtpx:TrackPointExtension>
            <gpxtpx:speed>10.25</gpxtpx:speed>
            <gpxtpx:atemp>0.0</gpxtpx:atemp>
          </gpxtpx:TrackPointExtension>
          <rrp:iri>2.195</rrp:iri>
          <rrp:raw_iri>0.000</rrp:raw_iri>
          <rrp:iri_class>B</rrp:iri_class>
          <rrp:quality>0.500</rrp:quality>
          <rrp:satellites>66</rrp:satellites>
          <rrp:speed_kmh>36.9</rrp:speed_kmh>
          <rrp:accuracy_m>1.0</rrp:accuracy_m>
          <rrp:accel_x>0.000000</rrp:accel_x>
          <rrp:accel_y>0.000000</rrp:accel_y>
          <rrp:accel_z>17.975666</rrp:accel_z>
          <rrp:gyro_x>0.000000</rrp:gyro_x>
          <rrp:gyro_y>0.000000</rrp:gyro_y>
          <rrp:gyro_z>0.000000</rrp:gyro_z>
          <rrp:sensor_rate_hz>124.9</rrp:sensor_rate_hz>
        </extensions>
      </trkpt>
      <trkpt lat="30.6458384" lon="76.6931703">
        <time>2026-07-24T09:21:43.234Z</time>
        <hdop>99.00</hdop>
        <extensions>
          <gpxtpx:TrackPointExtension>
            <gpxtpx:speed>10.22</gpxtpx:speed>
            <gpxtpx:atemp>0.0</gpxtpx:atemp>
          </gpxtpx:TrackPointExtension>
          <rrp:iri>2.100</rrp:iri>
          <rrp:raw_iri>0.000</rrp:raw_iri>
          <rrp:iri_class>B</rrp:iri_class>
          <rrp:quality>0.500</rrp:quality>
          <rrp:satellites>65</rrp:satellites>
          <rrp:speed_kmh>36.8</rrp:speed_kmh>
          <rrp:accuracy_m>1.0</rrp:accuracy_m>
          <rrp:accel_x>0.000000</rrp:accel_x>
          <rrp:accel_y>0.000000</rrp:accel_y>
          <rrp:accel_z>18.310854</rrp:accel_z>
          <rrp:gyro_x>0.000000</rrp:gyro_x>
          <rrp:gyro_y>0.000000</rrp:gyro_y>
          <rrp:gyro_z>0.000000</rrp:gyro_z>
          <rrp:sensor_rate_hz>124.9</rrp:sensor_rate_hz>
        </extensions>
      </trkpt>
      <trkpt lat="30.6458367" lon="76.6932765">
        <time>2026-07-24T09:21:44.240Z</time>
        <hdop>99.00</hdop>
        <extensions>
          <gpxtpx:TrackPointExtension>
            <gpxtpx:speed>10.17</gpxtpx:speed>
            <gpxtpx:atemp>0.0</gpxtpx:atemp>
          </gpxtpx:TrackPointExtension>
          <rrp:iri>2.211</rrp:iri>
          <rrp:raw_iri>0.000</rrp:raw_iri>
          <rrp:iri_class>B</rrp:iri_class>
          <rrp:quality>0.500</rrp:quality>
          <rrp:satellites>65</rrp:satellites>
          <rrp:speed_kmh>36.6</rrp:speed_kmh>
          <rrp:accuracy_m>1.0</rrp:accuracy_m>
          <rrp:accel_x>0.000000</rrp:accel_x>
          <rrp:accel_y>0.000000</rrp:accel_y>
          <rrp:accel_z>18.885464</rrp:accel_z>
          <rrp:gyro_x>0.000000</rrp:gyro_x>
          <rrp:gyro_y>0.000000</rrp:gyro_y>
          <rrp:gyro_z>0.000000</rrp:gyro_z>
          <rrp:sensor_rate_hz>124.9</rrp:sensor_rate_hz>
        </extensions>
      </trkpt>
      <trkpt lat="30.6458398" lon="76.6933815">
        <time>2026-07-24T09:21:45.219Z</time>
        <hdop>99.00</hdop>
        <extensions>
          <gpxtpx:TrackPointExtension>
            <gpxtpx:speed>10.27</gpxtpx:speed>
            <gpxtpx:atemp>0.0</gpxtpx:atemp>
          </gpxtpx:TrackPointExtension>
          <rrp:iri>1.739</rrp:iri>
          <rrp:raw_iri>0.000</rrp:raw_iri>
          <rrp:iri_class>A</rrp:iri_class>
          <rrp:quality>0.500</rrp:quality>
          <rrp:satellites>65</rrp:satellites>
          <rrp:speed_kmh>37.0</rrp:speed_kmh>
          <rrp:accuracy_m>1.0</rrp:accuracy_m>
          <rrp:accel_x>0.000000</rrp:accel_x>
          <rrp:accel_y>0.000000</rrp:accel_y>
          <rrp:accel_z>17.039534</rrp:accel_z>
          <rrp:gyro_x>0.000000</rrp:gyro_x>
          <rrp:gyro_y>0.000000</rrp:gyro_y>
          <rrp:gyro_z>0.000000</rrp:gyro_z>
          <rrp:sensor_rate_hz>124.9</rrp:sensor_rate_hz>
        </extensions>
      </trkpt>
      <trkpt lat="30.6458460" lon="76.6934914">
        <time>2026-07-24T09:21:46.189Z</time>
        <hdop>99.00</hdop>
        <extensions>
          <gpxtpx:TrackPointExtension>
            <gpxtpx:speed>10.18</gpxtpx:speed>
            <gpxtpx:atemp>0.0</gpxtpx:atemp>
          </gpxtpx:TrackPointExtension>
          <rrp:iri>1.367</rrp:iri>
          <rrp:raw_iri>0.000</rrp:raw_iri>
          <rrp:iri_class>A</rrp:iri_class>
          <rrp:quality>0.500</rrp:quality>
          <rrp:satellites>66</rrp:satellites>
          <rrp:speed_kmh>36.7</rrp:speed_kmh>
          <rrp:accuracy_m>1.0</rrp:accuracy_m>
          <rrp:accel_x>0.000000</rrp:accel_x>
          <rrp:accel_y>0.000000</rrp:accel_y>
          <rrp:accel_z>9.888053</rrp:accel_z>
          <rrp:gyro_x>0.000000</rrp:gyro_x>
          <rrp:gyro_y>0.000000</rrp:gyro_y>
          <rrp:gyro_z>0.000000</rrp:gyro_z>
          <rrp:sensor_rate_hz>125.0</rrp:sensor_rate_hz>
        </extensions>
      </trkpt>
      <trkpt lat="30.6458568" lon="76.6935997">
        <time>2026-07-24T09:21:47.196Z</time>
        <hdop>99.00</hdop>
        <extensions>
          <gpxtpx:TrackPointExtension>
            <gpxtpx:speed>10.07</gpxtpx:speed>
            <gpxtpx:atemp>0.0</gpxtpx:atemp>
          </gpxtpx:TrackPointExtension>
          <rrp:iri>0.589</rrp:iri>
          <rrp:raw_iri>0.000</rrp:raw_iri>
          <rrp:iri_class>A</rrp:iri_class>
          <rrp:quality>1.000</rrp:quality>
          <rrp:satellites>66</rrp:satellites>
          <rrp:speed_kmh>36.3</rrp:speed_kmh>
          <rrp:accuracy_m>1.0</rrp:accuracy_m>
          <rrp:accel_x>0.000000</rrp:accel_x>
          <rrp:accel_y>0.000000</rrp:accel_y>
          <rrp:accel_z>10.591949</rrp:accel_z>
          <rrp:gyro_x>0.000000</rrp:gyro_x>
          <rrp:gyro_y>0.000000</rrp:gyro_y>
          <rrp:gyro_z>0.000000</rrp:gyro_z>
          <rrp:sensor_rate_hz>125.0</rrp:sensor_rate_hz>
        </extensions>
      </trkpt>
      <trkpt lat="30.6458765" lon="76.6937991">
        <time>2026-07-24T09:21:49.208Z</time>
        <hdop>99.00</hdop>
        <extensions>
          <gpxtpx:TrackPointExtension>
            <gpxtpx:speed>9.54</gpxtpx:speed>
            <gpxtpx:atemp>0.0</gpxtpx:atemp>
          </gpxtpx:TrackPointExtension>
          <rrp:iri>1.162</rrp:iri>
          <rrp:raw_iri>0.000</rrp:raw_iri>
          <rrp:iri_class>A</rrp:iri_class>
          <rrp:quality>1.000</rrp:quality>
          <rrp:satellites>66</rrp:satellites>
          <rrp:speed_kmh>34.3</rrp:speed_kmh>
          <rrp:accuracy_m>1.0</rrp:accuracy_m>
          <rrp:accel_x>0.000000</rrp:accel_x>
          <rrp:accel_y>0.000000</rrp:accel_y>
          <rrp:accel_z>14.535198</rrp:accel_z>
          <rrp:gyro_x>0.000000</rrp:gyro_x>
          <rrp:gyro_y>0.000000</rrp:gyro_y>
          <rrp:gyro_z>0.000000</rrp:gyro_z>
          <rrp:sensor_rate_hz>125.0</rrp:sensor_rate_hz>
        </extensions>
      </trkpt>
      <trkpt lat="30.6458964" lon="76.6939781">
        <time>2026-07-24T09:21:51.168Z</time>
        <hdop>99.00</hdop>
        <extensions>
          <gpxtpx:TrackPointExtension>
            <gpxtpx:speed>8.45</gpxtpx:speed>
            <gpxtpx:atemp>0.0</gpxtpx:atemp>
          </gpxtpx:TrackPointExtension>
          <rrp:iri>0.953</rrp:iri>
          <rrp:raw_iri>0.000</rrp:raw_iri>
          <rrp:iri_class>A</rrp:iri_class>
          <rrp:quality>1.000</rrp:quality>
          <rrp:satellites>65</rrp:satellites>
          <rrp:speed_kmh>30.4</rrp:speed_kmh>
          <rrp:accuracy_m>1.0</rrp:accuracy_m>
          <rrp:accel_x>0.000000</rrp:accel_x>
          <rrp:accel_y>0.000000</rrp:accel_y>
          <rrp:accel_z>10.558430</rrp:accel_z>
          <rrp:gyro_x>0.000000</rrp:gyro_x>
          <rrp:gyro_y>0.000000</rrp:gyro_y>
          <rrp:gyro_z>0.000000</rrp:gyro_z>
          <rrp:sensor_rate_hz>125.0</rrp:sensor_rate_hz>
        </extensions>
      </trkpt>
      <trkpt lat="30.6459089" lon="76.6941548">
        <time>2026-07-24T09:21:53.231Z</time>
        <hdop>99.00</hdop>
        <extensions>
          <gpxtpx:TrackPointExtension>
            <gpxtpx:speed>8.70</gpxtpx:speed>
            <gpxtpx:atemp>0.0</gpxtpx:atemp>
          </gpxtpx:TrackPointExtension>
          <rrp:iri>1.900</rrp:iri>
          <rrp:raw_iri>0.000</rrp:raw_iri>
          <rrp:iri_class>A</rrp:iri_class>
          <rrp:quality>1.000</rrp:quality>
          <rrp:satellites>65</rrp:satellites>
          <rrp:speed_kmh>31.3</rrp:speed_kmh>
          <rrp:accuracy_m>1.0</rrp:accuracy_m>
          <rrp:accel_x>0.000000</rrp:accel_x>
          <rrp:accel_y>0.000000</rrp:accel_y>
          <rrp:accel_z>33.411083</rrp:accel_z>
          <rrp:gyro_x>0.000000</rrp:gyro_x>
          <rrp:gyro_y>0.000000</rrp:gyro_y>
          <rrp:gyro_z>0.000000</rrp:gyro_z>
          <rrp:sensor_rate_hz>124.9</rrp:sensor_rate_hz>
        </extensions>
      </trkpt>
      <trkpt lat="30.6459252" lon="76.6943393">
        <time>2026-07-24T09:21:55.208Z</time>
        <hdop>99.00</hdop>
        <extensions>
          <gpxtpx:TrackPointExtension>
            <gpxtpx:speed>8.93</gpxtpx:speed>
            <gpxtpx:atemp>0.0</gpxtpx:atemp>
          </gpxtpx:TrackPointExtension>
          <rrp:iri>6.074</rrp:iri>
          <rrp:raw_iri>0.000</rrp:raw_iri>
          <rrp:iri_class>D</rrp:iri_class>
          <rrp:quality>1.000</rrp:quality>
          <rrp:satellites>66</rrp:satellites>
          <rrp:speed_kmh>32.2</rrp:speed_kmh>
          <rrp:accuracy_m>1.0</rrp:accuracy_m>
          <rrp:accel_x>0.000000</rrp:accel_x>
          <rrp:accel_y>0.000000</rrp:accel_y>
          <rrp:accel_z>22.670696</rrp:accel_z>
          <rrp:gyro_x>0.000000</rrp:gyro_x>
          <rrp:gyro_y>0.000000</rrp:gyro_y>
          <rrp:gyro_z>0.000000</rrp:gyro_z>
          <rrp:sensor_rate_hz>125.0</rrp:sensor_rate_hz>
        </extensions>
      </trkpt>
      <trkpt lat="30.6459350" lon="76.6945290">
        <time>2026-07-24T09:21:57.181Z</time>
        <hdop>99.00</hdop>
        <extensions>
          <gpxtpx:TrackPointExtension>
            <gpxtpx:speed>8.94</gpxtpx:speed>
            <gpxtpx:atemp>0.0</gpxtpx:atemp>
          </gpxtpx:TrackPointExtension>
          <rrp:iri>1.872</rrp:iri>
          <rrp:raw_iri>0.000</rrp:raw_iri>
          <rrp:iri_class>A</rrp:iri_class>
          <rrp:quality>0.500</rrp:quality>
          <rrp:satellites>66</rrp:satellites>
          <rrp:speed_kmh>32.2</rrp:speed_kmh>
          <rrp:accuracy_m>1.0</rrp:accuracy_m>
          <rrp:accel_x>0.000000</rrp:accel_x>
          <rrp:accel_y>0.000000</rrp:accel_y>
          <rrp:accel_z>13.476961</rrp:accel_z>
          <rrp:gyro_x>0.000000</rrp:gyro_x>
          <rrp:gyro_y>0.000000</rrp:gyro_y>
          <rrp:gyro_z>0.000000</rrp:gyro_z>
          <rrp:sensor_rate_hz>125.0</rrp:sensor_rate_hz>
        </extensions>
      </trkpt>
      <trkpt lat="30.6459492" lon="76.6946981">
        <time>2026-07-24T09:21:59.195Z</time>
        <hdop>99.00</hdop>
        <extensions>
          <gpxtpx:TrackPointExtension>
            <gpxtpx:speed>7.86</gpxtpx:speed>
            <gpxtpx:atemp>0.0</gpxtpx:atemp>
          </gpxtpx:TrackPointExtension>
          <rrp:iri>1.158</rrp:iri>
          <rrp:raw_iri>0.000</rrp:raw_iri>
          <rrp:iri_class>A</rrp:iri_class>
          <rrp:quality>0.500</rrp:quality>
          <rrp:satellites>65</rrp:satellites>
          <rrp:speed_kmh>28.3</rrp:speed_kmh>
          <rrp:accuracy_m>1.0</rrp:accuracy_m>
          <rrp:accel_x>0.000000</rrp:accel_x>
          <rrp:accel_y>0.000000</rrp:accel_y>
          <rrp:accel_z>9.892841</rrp:accel_z>
          <rrp:gyro_x>0.000000</rrp:gyro_x>
          <rrp:gyro_y>0.000000</rrp:gyro_y>
          <rrp:gyro_z>0.000000</rrp:gyro_z>
          <rrp:sensor_rate_hz>124.9</rrp:sensor_rate_hz>
        </extensions>
      </trkpt>
      <trkpt lat="30.6459614" lon="76.6948550">
        <time>2026-07-24T09:22:01.191Z</time>
        <hdop>99.00</hdop>
        <extensions>
          <gpxtpx:TrackPointExtension>
            <gpxtpx:speed>7.60</gpxtpx:speed>
            <gpxtpx:atemp>0.0</gpxtpx:atemp>
          </gpxtpx:TrackPointExtension>
          <rrp:iri>4.686</rrp:iri>
          <rrp:raw_iri>0.000</rrp:raw_iri>
          <rrp:iri_class>C</rrp:iri_class>
          <rrp:quality>0.500</rrp:quality>
          <rrp:satellites>65</rrp:satellites>
          <rrp:speed_kmh>27.3</rrp:speed_kmh>
          <rrp:accuracy_m>1.0</rrp:accuracy_m>
          <rrp:accel_x>0.000000</rrp:accel_x>
          <rrp:accel_y>0.000000</rrp:accel_y>
          <rrp:accel_z>17.843985</rrp:accel_z>
          <rrp:gyro_x>0.000000</rrp:gyro_x>
          <rrp:gyro_y>0.000000</rrp:gyro_y>
          <rrp:gyro_z>0.000000</rrp:gyro_z>
          <rrp:sensor_rate_hz>124.9</rrp:sensor_rate_hz>
        </extensions>
      </trkpt>
      <trkpt lat="30.6459722" lon="76.6950160">
        <time>2026-07-24T09:22:03.200Z</time>
        <hdop>99.00</hdop>
        <extensions>
          <gpxtpx:TrackPointExtension>
            <gpxtpx:speed>7.90</gpxtpx:speed>
            <gpxtpx:atemp>0.0</gpxtpx:atemp>
          </gpxtpx:TrackPointExtension>
          <rrp:iri>5.730</rrp:iri>
          <rrp:raw_iri>0.000</rrp:raw_iri>
          <rrp:iri_class>C</rrp:iri_class>
          <rrp:quality>0.500</rrp:quality>
          <rrp:satellites>65</rrp:satellites>
          <rrp:speed_kmh>28.5</rrp:speed_kmh>
          <rrp:accuracy_m>1.0</rrp:accuracy_m>
          <rrp:accel_x>0.000000</rrp:accel_x>
          <rrp:accel_y>0.000000</rrp:accel_y>
          <rrp:accel_z>24.502260</rrp:accel_z>
          <rrp:gyro_x>0.000000</rrp:gyro_x>
          <rrp:gyro_y>0.000000</rrp:gyro_y>
          <rrp:gyro_z>0.000000</rrp:gyro_z>
          <rrp:sensor_rate_hz>125.0</rrp:sensor_rate_hz>
        </extensions>
      </trkpt>
      <trkpt lat="30.6459889" lon="76.6951847">
        <time>2026-07-24T09:22:05.201Z</time>
        <hdop>99.00</hdop>
        <extensions>
          <gpxtpx:TrackPointExtension>
            <gpxtpx:speed>8.24</gpxtpx:speed>
            <gpxtpx:atemp>0.0</gpxtpx:atemp>
          </gpxtpx:TrackPointExtension>
          <rrp:iri>7.615</rrp:iri>
          <rrp:raw_iri>0.000</rrp:raw_iri>
          <rrp:iri_class>D</rrp:iri_class>
          <rrp:quality>0.500</rrp:quality>
          <rrp:satellites>65</rrp:satellites>
          <rrp:speed_kmh>29.7</rrp:speed_kmh>
          <rrp:accuracy_m>1.0</rrp:accuracy_m>
          <rrp:accel_x>0.000000</rrp:accel_x>
          <rrp:accel_y>0.000000</rrp:accel_y>
          <rrp:accel_z>25.380932</rrp:accel_z>
          <rrp:gyro_x>0.000000</rrp:gyro_x>
          <rrp:gyro_y>0.000000</rrp:gyro_y>
          <rrp:gyro_z>0.000000</rrp:gyro_z>
          <rrp:sensor_rate_hz>124.9</rrp:sensor_rate_hz>
        </extensions>
      </trkpt>
      <trkpt lat="30.6460024" lon="76.6953668">
        <time>2026-07-24T09:22:07.191Z</time>
        <hdop>99.00</hdop>
        <extensions>
          <gpxtpx:TrackPointExtension>
            <gpxtpx:speed>8.53</gpxtpx:speed>
            <gpxtpx:atemp>0.0</gpxtpx:atemp>
          </gpxtpx:TrackPointExtension>
          <rrp:iri>5.525</rrp:iri>
          <rrp:raw_iri>0.000</rrp:raw_iri>
          <rrp:iri_class>C</rrp:iri_class>
          <rrp:quality>0.500</rrp:quality>
          <rrp:satellites>65</rrp:satellites>
          <rrp:speed_kmh>30.7</rrp:speed_kmh>
          <rrp:accuracy_m>1.0</rrp:accuracy_m>
          <rrp:accel_x>0.000000</rrp:accel_x>
          <rrp:accel_y>0.000000</rrp:accel_y>
          <rrp:accel_z>24.361002</rrp:accel_z>
          <rrp:gyro_x>0.000000</rrp:gyro_x>
          <rrp:gyro_y>0.000000</rrp:gyro_y>
          <rrp:gyro_z>0.000000</rrp:gyro_z>
          <rrp:sensor_rate_hz>124.9</rrp:sensor_rate_hz>
        </extensions>
      </trkpt>
      <trkpt lat="30.6460176" lon="76.6955522">
        <time>2026-07-24T09:22:09.261Z</time>
        <hdop>99.00</hdop>
        <extensions>
          <gpxtpx:TrackPointExtension>
            <gpxtpx:speed>8.51</gpxtpx:speed>
            <gpxtpx:atemp>0.0</gpxtpx:atemp>
          </gpxtpx:TrackPointExtension>
          <rrp:iri>3.809</rrp:iri>
          <rrp:raw_iri>0.000</rrp:raw_iri>
          <rrp:iri_class>B</rrp:iri_class>
          <rrp:quality>0.500</rrp:quality>
          <rrp:satellites>65</rrp:satellites>
          <rrp:speed_kmh>30.6</rrp:speed_kmh>
          <rrp:accuracy_m>1.2</rrp:accuracy_m>
          <rrp:accel_x>0.000000</rrp:accel_x>
          <rrp:accel_y>0.000000</rrp:accel_y>
          <rrp:accel_z>16.807297</rrp:accel_z>
          <rrp:gyro_x>0.000000</rrp:gyro_x>
          <rrp:gyro_y>0.000000</rrp:gyro_y>
          <rrp:gyro_z>0.000000</rrp:gyro_z>
          <rrp:sensor_rate_hz>124.9</rrp:sensor_rate_hz>
        </extensions>
      </trkpt>
      <trkpt lat="30.6460477" lon="76.6957170">
        <time>2026-07-24T09:22:11.213Z</time>
        <hdop>99.00</hdop>
        <extensions>
          <gpxtpx:TrackPointExtension>
            <gpxtpx:speed>7.52</gpxtpx:speed>
            <gpxtpx:atemp>0.0</gpxtpx:atemp>
          </gpxtpx:TrackPointExtension>
          <rrp:iri>1.063</rrp:iri>
          <rrp:raw_iri>0.000</rrp:raw_iri>
          <rrp:iri_class>A</rrp:iri_class>
          <rrp:quality>0.500</rrp:quality>
          <rrp:satellites>65</rrp:satellites>
          <rrp:speed_kmh>27.1</rrp:speed_kmh>
          <rrp:accuracy_m>1.2</rrp:accuracy_m>
          <rrp:accel_x>0.000000</rrp:accel_x>
          <rrp:accel_y>0.000000</rrp:accel_y>
          <rrp:accel_z>11.422736</rrp:accel_z>
          <rrp:gyro_x>0.000000</rrp:gyro_x>
          <rrp:gyro_y>0.000000</rrp:gyro_y>
          <rrp:gyro_z>0.000000</rrp:gyro_z>
          <rrp:sensor_rate_hz>124.9</rrp:sensor_rate_hz>
        </extensions>
      </trkpt>
      <trkpt lat="30.6461158" lon="76.6958352">
        <time>2026-07-24T09:22:13.201Z</time>
        <hdop>99.00</hdop>
        <extensions>
          <gpxtpx:TrackPointExtension>
            <gpxtpx:speed>6.68</gpxtpx:speed>
            <gpxtpx:atemp>0.0</gpxtpx:atemp>
          </gpxtpx:TrackPointExtension>
          <rrp:iri>1.115</rrp:iri>
          <rrp:raw_iri>0.000</rrp:raw_iri>
          <rrp:iri_class>A</rrp:iri_class>
          <rrp:quality>0.500</rrp:quality>
          <rrp:satellites>66</rrp:satellites>
          <rrp:speed_kmh>24.0</rrp:speed_kmh>
          <rrp:accuracy_m>1.2</rrp:accuracy_m>
          <rrp:accel_x>0.000000</rrp:accel_x>
          <rrp:accel_y>0.000000</rrp:accel_y>
          <rrp:accel_z>10.144233</rrp:accel_z>
          <rrp:gyro_x>0.000000</rrp:gyro_x>
          <rrp:gyro_y>0.000000</rrp:gyro_y>
          <rrp:gyro_z>0.000000</rrp:gyro_z>
          <rrp:sensor_rate_hz>124.9</rrp:sensor_rate_hz>
        </extensions>
      </trkpt>
      <trkpt lat="30.6462260" lon="76.6958999">
        <time>2026-07-24T09:22:15.188Z</time>
        <hdop>99.00</hdop>
        <extensions>
          <gpxtpx:TrackPointExtension>
            <gpxtpx:speed>6.45</gpxtpx:speed>
            <gpxtpx:atemp>0.0</gpxtpx:atemp>
          </gpxtpx:TrackPointExtension>
          <rrp:iri>1.143</rrp:iri>
          <rrp:raw_iri>0.000</rrp:raw_iri>
          <rrp:iri_class>A</rrp:iri_class>
          <rrp:quality>0.500</rrp:quality>
          <rrp:satellites>66</rrp:satellites>
          <rrp:speed_kmh>23.2</rrp:speed_kmh>
          <rrp:accuracy_m>1.0</rrp:accuracy_m>
          <rrp:accel_x>0.000000</rrp:accel_x>
          <rrp:accel_y>0.000000</rrp:accel_y>
          <rrp:accel_z>11.099519</rrp:accel_z>
          <rrp:gyro_x>0.000000</rrp:gyro_x>
          <rrp:gyro_y>0.000000</rrp:gyro_y>
          <rrp:gyro_z>0.000000</rrp:gyro_z>
          <rrp:sensor_rate_hz>125.0</rrp:sensor_rate_hz>
        </extensions>
      </trkpt>
      <trkpt lat="30.6463419" lon="76.6959033">
        <time>2026-07-24T09:22:17.173Z</time>
        <hdop>99.00</hdop>
        <extensions>
          <gpxtpx:TrackPointExtension>
            <gpxtpx:speed>6.42</gpxtpx:speed>
            <gpxtpx:atemp>0.0</gpxtpx:atemp>
          </gpxtpx:TrackPointExtension>
          <rrp:iri>2.851</rrp:iri>
          <rrp:raw_iri>0.000</rrp:raw_iri>
          <rrp:iri_class>B</rrp:iri_class>
          <rrp:quality>0.500</rrp:quality>
          <rrp:satellites>66</rrp:satellites>
          <rrp:speed_kmh>23.1</rrp:speed_kmh>
          <rrp:accuracy_m>1.2</rrp:accuracy_m>
          <rrp:accel_x>0.000000</rrp:accel_x>
          <rrp:accel_y>0.000000</rrp:accel_y>
          <rrp:accel_z>10.884041</rrp:accel_z>
          <rrp:gyro_x>0.000000</rrp:gyro_x>
          <rrp:gyro_y>0.000000</rrp:gyro_y>
          <rrp:gyro_z>0.000000</rrp:gyro_z>
          <rrp:sensor_rate_hz>125.0</rrp:sensor_rate_hz>
        </extensions>
      </trkpt>
      <trkpt lat="30.6464567" lon="76.6958738">
        <time>2026-07-24T09:22:19.200Z</time>
        <hdop>99.00</hdop>
        <extensions>
          <gpxtpx:TrackPointExtension>
            <gpxtpx:speed>6.45</gpxtpx:speed>
            <gpxtpx:atemp>0.0</gpxtpx:atemp>
          </gpxtpx:TrackPointExtension>
          <rrp:iri>2.668</rrp:iri>
          <rrp:raw_iri>0.000</rrp:raw_iri>
          <rrp:iri_class>B</rrp:iri_class>
          <rrp:quality>0.500</rrp:quality>
          <rrp:satellites>66</rrp:satellites>
          <rrp:speed_kmh>23.2</rrp:speed_kmh>
          <rrp:accuracy_m>1.2</rrp:accuracy_m>
          <rrp:accel_x>0.000000</rrp:accel_x>
          <rrp:accel_y>0.000000</rrp:accel_y>
          <rrp:accel_z>11.099519</rrp:accel_z>
          <rrp:gyro_x>0.000000</rrp:gyro_x>
          <rrp:gyro_y>0.000000</rrp:gyro_y>
          <rrp:gyro_z>0.000000</rrp:gyro_z>
          <rrp:sensor_rate_hz>124.9</rrp:sensor_rate_hz>
        </extensions>
      </trkpt>
      <trkpt lat="30.6465535" lon="76.6958310">
        <time>2026-07-24T09:22:21.197Z</time>
        <hdop>99.00</hdop>
        <extensions>
          <gpxtpx:TrackPointExtension>
            <gpxtpx:speed>5.16</gpxtpx:speed>
            <gpxtpx:atemp>0.0</gpxtpx:atemp>
          </gpxtpx:TrackPointExtension>
          <rrp:iri>2.428</rrp:iri>
          <rrp:raw_iri>0.000</rrp:raw_iri>
          <rrp:iri_class>B</rrp:iri_class>
          <rrp:quality>0.500</rrp:quality>
          <rrp:satellites>66</rrp:satellites>
          <rrp:speed_kmh>18.6</rrp:speed_kmh>
          <rrp:accuracy_m>1.2</rrp:accuracy_m>
          <rrp:accel_x>0.000000</rrp:accel_x>
          <rrp:accel_y>0.000000</rrp:accel_y>
          <rrp:accel_z>11.942278</rrp:accel_z>
          <rrp:gyro_x>0.000000</rrp:gyro_x>
          <rrp:gyro_y>0.000000</rrp:gyro_y>
          <rrp:gyro_z>0.000000</rrp:gyro_z>
          <rrp:sensor_rate_hz>124.9</rrp:sensor_rate_hz>
        </extensions>
      </trkpt>
      <trkpt lat="30.6466291" lon="76.6957566">
        <time>2026-07-24T09:22:27.172Z</time>
        <hdop>99.00</hdop>
        <extensions>
          <gpxtpx:TrackPointExtension>
            <gpxtpx:speed>1.85</gpxtpx:speed>
            <gpxtpx:atemp>0.0</gpxtpx:atemp>
          </gpxtpx:TrackPointExtension>
          <rrp:iri>26.449</rrp:iri>
          <rrp:raw_iri>0.000</rrp:raw_iri>
          <rrp:iri_class>E</rrp:iri_class>
          <rrp:quality>0.311</rrp:quality>
          <rrp:satellites>65</rrp:satellites>
          <rrp:speed_kmh>6.7</rrp:speed_kmh>
          <rrp:accuracy_m>1.4</rrp:accuracy_m>
          <rrp:accel_x>0.000000</rrp:accel_x>
          <rrp:accel_y>0.000000</rrp:accel_y>
          <rrp:accel_z>15.224729</rrp:accel_z>
          <rrp:gyro_x>0.000000</rrp:gyro_x>
          <rrp:gyro_y>0.000000</rrp:gyro_y>
          <rrp:gyro_z>0.000000</rrp:gyro_z>
          <rrp:sensor_rate_hz>124.5</rrp:sensor_rate_hz>
        </extensions>
      </trkpt>
      <trkpt lat="30.6467176" lon="76.6956750">
        <time>2026-07-24T09:22:31.218Z</time>
        <hdop>99.00</hdop>
        <extensions>
          <gpxtpx:TrackPointExtension>
            <gpxtpx:speed>3.02</gpxtpx:speed>
            <gpxtpx:atemp>0.0</gpxtpx:atemp>
          </gpxtpx:TrackPointExtension>
          <rrp:iri>32.305</rrp:iri>
          <rrp:raw_iri>0.000</rrp:raw_iri>
          <rrp:iri_class>E</rrp:iri_class>
          <rrp:quality>0.311</rrp:quality>
          <rrp:satellites>64</rrp:satellites>
          <rrp:speed_kmh>10.9</rrp:speed_kmh>
          <rrp:accuracy_m>3.0</rrp:accuracy_m>
          <rrp:accel_x>0.000000</rrp:accel_x>
          <rrp:accel_y>0.000000</rrp:accel_y>
          <rrp:accel_z>11.894394</rrp:accel_z>
          <rrp:gyro_x>0.000000</rrp:gyro_x>
          <rrp:gyro_y>0.000000</rrp:gyro_y>
          <rrp:gyro_z>0.000000</rrp:gyro_z>
          <rrp:sensor_rate_hz>125.0</rrp:sensor_rate_hz>
        </extensions>
      </trkpt>
      <trkpt lat="30.6467987" lon="76.6955937">
        <time>2026-07-24T09:22:33.186Z</time>
        <hdop>99.00</hdop>
        <extensions>
          <gpxtpx:TrackPointExtension>
            <gpxtpx:speed>5.48</gpxtpx:speed>
            <gpxtpx:atemp>0.0</gpxtpx:atemp>
          </gpxtpx:TrackPointExtension>
          <rrp:iri>19.857</rrp:iri>
          <rrp:raw_iri>0.000</rrp:raw_iri>
          <rrp:iri_class>E</rrp:iri_class>
          <rrp:quality>1.000</rrp:quality>
          <rrp:satellites>64</rrp:satellites>
          <rrp:speed_kmh>19.7</rrp:speed_kmh>
          <rrp:accuracy_m>3.0</rrp:accuracy_m>
          <rrp:accel_x>0.000000</rrp:accel_x>
          <rrp:accel_y>0.000000</rrp:accel_y>
          <rrp:accel_z>11.322180</rrp:accel_z>
          <rrp:gyro_x>0.000000</rrp:gyro_x>
          <rrp:gyro_y>0.000000</rrp:gyro_y>
          <rrp:gyro_z>0.000000</rrp:gyro_z>
          <rrp:sensor_rate_hz>124.9</rrp:sensor_rate_hz>
        </extensions>
      </trkpt>
      <trkpt lat="30.6469011" lon="76.6955098">
        <time>2026-07-24T09:22:35.211Z</time>
        <hdop>99.00</hdop>
        <extensions>
          <gpxtpx:TrackPointExtension>
            <gpxtpx:speed>7.43</gpxtpx:speed>
            <gpxtpx:atemp>0.0</gpxtpx:atemp>
          </gpxtpx:TrackPointExtension>
          <rrp:iri>9.546</rrp:iri>
          <rrp:raw_iri>0.000</rrp:raw_iri>
          <rrp:iri_class>E</rrp:iri_class>
          <rrp:quality>1.000</rrp:quality>
          <rrp:satellites>63</rrp:satellites>
          <rrp:speed_kmh>26.7</rrp:speed_kmh>
          <rrp:accuracy_m>2.7</rrp:accuracy_m>
          <rrp:accel_x>0.000000</rrp:accel_x>
          <rrp:accel_y>0.000000</rrp:accel_y>
          <rrp:accel_z>11.686098</rrp:accel_z>
          <rrp:gyro_x>0.000000</rrp:gyro_x>
          <rrp:gyro_y>0.000000</rrp:gyro_y>
          <rrp:gyro_z>0.000000</rrp:gyro_z>
          <rrp:sensor_rate_hz>125.0</rrp:sensor_rate_hz>
        </extensions>
      </trkpt>
      <trkpt lat="30.6470067" lon="76.6954099">
        <time>2026-07-24T09:22:37.207Z</time>
        <hdop>99.00</hdop>
        <extensions>
          <gpxtpx:TrackPointExtension>
            <gpxtpx:speed>7.37</gpxtpx:speed>
            <gpxtpx:atemp>0.0</gpxtpx:atemp>
          </gpxtpx:TrackPointExtension>
          <rrp:iri>1.863</rrp:iri>
          <rrp:raw_iri>0.000</rrp:raw_iri>
          <rrp:iri_class>A</rrp:iri_class>
          <rrp:quality>1.000</rrp:quality>
          <rrp:satellites>63</rrp:satellites>
          <rrp:speed_kmh>26.5</rrp:speed_kmh>
          <rrp:accuracy_m>1.5</rrp:accuracy_m>
          <rrp:accel_x>0.000000</rrp:accel_x>
          <rrp:accel_y>0.000000</rrp:accel_y>
          <rrp:accel_z>11.592725</rrp:accel_z>
          <rrp:gyro_x>0.000000</rrp:gyro_x>
          <rrp:gyro_y>0.000000</rrp:gyro_y>
          <rrp:gyro_z>0.000000</rrp:gyro_z>
          <rrp:sensor_rate_hz>124.9</rrp:sensor_rate_hz>
        </extensions>
      </trkpt>
      <trkpt lat="30.6471103" lon="76.6953117">
        <time>2026-07-24T09:22:39.220Z</time>
        <hdop>99.00</hdop>
        <extensions>
          <gpxtpx:TrackPointExtension>
            <gpxtpx:speed>7.35</gpxtpx:speed>
            <gpxtpx:atemp>0.0</gpxtpx:atemp>
          </gpxtpx:TrackPointExtension>
          <rrp:iri>1.524</rrp:iri>
          <rrp:raw_iri>0.000</rrp:raw_iri>
          <rrp:iri_class>A</rrp:iri_class>
          <rrp:quality>1.000</rrp:quality>
          <rrp:satellites>66</rrp:satellites>
          <rrp:speed_kmh>26.4</rrp:speed_kmh>
          <rrp:accuracy_m>1.4</rrp:accuracy_m>
          <rrp:accel_x>0.000000</rrp:accel_x>
          <rrp:accel_y>0.000000</rrp:accel_y>
          <rrp:accel_z>10.795456</rrp:accel_z>
          <rrp:gyro_x>0.000000</rrp:gyro_x>
          <rrp:gyro_y>0.000000</rrp:gyro_y>
          <rrp:gyro_z>0.000000</rrp:gyro_z>
          <rrp:sensor_rate_hz>124.9</rrp:sensor_rate_hz>
        </extensions>
      </trkpt>
      <trkpt lat="30.6472097" lon="76.6952229">
        <time>2026-07-24T09:22:41.251Z</time>
        <hdop>99.00</hdop>
        <extensions>
          <gpxtpx:TrackPointExtension>
            <gpxtpx:speed>7.13</gpxtpx:speed>
            <gpxtpx:atemp>0.0</gpxtpx:atemp>
          </gpxtpx:TrackPointExtension>
          <rrp:iri>1.408</rrp:iri>
          <rrp:raw_iri>0.000</rrp:raw_iri>
          <rrp:iri_class>A</rrp:iri_class>
          <rrp:quality>1.000</rrp:quality>
          <rrp:satellites>64</rrp:satellites>
          <rrp:speed_kmh>25.7</rrp:speed_kmh>
          <rrp:accuracy_m>1.2</rrp:accuracy_m>
          <rrp:accel_x>0.000000</rrp:accel_x>
          <rrp:accel_y>0.000000</rrp:accel_y>
          <rrp:accel_z>24.231716</rrp:accel_z>
          <rrp:gyro_x>0.000000</rrp:gyro_x>
          <rrp:gyro_y>0.000000</rrp:gyro_y>
          <rrp:gyro_z>0.000000</rrp:gyro_z>
          <rrp:sensor_rate_hz>124.9</rrp:sensor_rate_hz>
        </extensions>
      </trkpt>
      <trkpt lat="30.6473080" lon="76.6951403">
        <time>2026-07-24T09:22:43.241Z</time>
        <hdop>99.00</hdop>
        <extensions>
          <gpxtpx:TrackPointExtension>
            <gpxtpx:speed>6.81</gpxtpx:speed>
            <gpxtpx:atemp>0.0</gpxtpx:atemp>
          </gpxtpx:TrackPointExtension>
          <rrp:iri>6.470</rrp:iri>
          <rrp:raw_iri>0.000</rrp:raw_iri>
          <rrp:iri_class>D</rrp:iri_class>
          <rrp:quality>0.500</rrp:quality>
          <rrp:satellites>67</rrp:satellites>
          <rrp:speed_kmh>24.5</rrp:speed_kmh>
          <rrp:accuracy_m>1.0</rrp:accuracy_m>
          <rrp:accel_x>0.000000</rrp:accel_x>
          <rrp:accel_y>0.000000</rrp:accel_y>
          <rrp:accel_z>24.636335</rrp:accel_z>
          <rrp:gyro_x>0.000000</rrp:gyro_x>
          <rrp:gyro_y>0.000000</rrp:gyro_y>
          <rrp:gyro_z>0.000000</rrp:gyro_z>
          <rrp:sensor_rate_hz>124.9</rrp:sensor_rate_hz>
        </extensions>
      </trkpt>
      <trkpt lat="30.6474056" lon="76.6950698">
        <time>2026-07-24T09:22:45.176Z</time>
        <hdop>99.00</hdop>
        <extensions>
          <gpxtpx:TrackPointExtension>
            <gpxtpx:speed>6.39</gpxtpx:speed>
            <gpxtpx:atemp>0.0</gpxtpx:atemp>
          </gpxtpx:TrackPointExtension>
          <rrp:iri>3.122</rrp:iri>
          <rrp:raw_iri>0.000</rrp:raw_iri>
          <rrp:iri_class>B</rrp:iri_class>
          <rrp:quality>0.500</rrp:quality>
          <rrp:satellites>64</rrp:satellites>
          <rrp:speed_kmh>23.0</rrp:speed_kmh>
          <rrp:accuracy_m>1.1</rrp:accuracy_m>
          <rrp:accel_x>0.000000</rrp:accel_x>
          <rrp:accel_y>0.000000</rrp:accel_y>
          <rrp:accel_z>10.603919</rrp:accel_z>
          <rrp:gyro_x>0.000000</rrp:gyro_x>
          <rrp:gyro_y>0.000000</rrp:gyro_y>
          <rrp:gyro_z>0.000000</rrp:gyro_z>
          <rrp:sensor_rate_hz>124.5</rrp:sensor_rate_hz>
        </extensions>
      </trkpt>
      <trkpt lat="30.6475104" lon="76.6949958">
        <time>2026-07-24T09:22:47.191Z</time>
        <hdop>99.00</hdop>
        <extensions>
          <gpxtpx:TrackPointExtension>
            <gpxtpx:speed>6.71</gpxtpx:speed>
            <gpxtpx:atemp>0.0</gpxtpx:atemp>
          </gpxtpx:TrackPointExtension>
          <rrp:iri>1.131</rrp:iri>
          <rrp:raw_iri>0.000</rrp:raw_iri>
          <rrp:iri_class>A</rrp:iri_class>
          <rrp:quality>1.000</rrp:quality>
          <rrp:satellites>64</rrp:satellites>
          <rrp:speed_kmh>24.2</rrp:speed_kmh>
          <rrp:accuracy_m>1.1</rrp:accuracy_m>
          <rrp:accel_x>0.000000</rrp:accel_x>
          <rrp:accel_y>0.000000</rrp:accel_y>
          <rrp:accel_z>11.097125</rrp:accel_z>
          <rrp:gyro_x>0.000000</rrp:gyro_x>
          <rrp:gyro_y>0.000000</rrp:gyro_y>
          <rrp:gyro_z>0.000000</rrp:gyro_z>
          <rrp:sensor_rate_hz>125.0</rrp:sensor_rate_hz>
        </extensions>
      </trkpt>
      <trkpt lat="30.6476130" lon="76.6949175">
        <time>2026-07-24T09:22:49.182Z</time>
        <hdop>99.00</hdop>
        <extensions>
          <gpxtpx:TrackPointExtension>
            <gpxtpx:speed>6.95</gpxtpx:speed>
            <gpxtpx:atemp>0.0</gpxtpx:atemp>
          </gpxtpx:TrackPointExtension>
          <rrp:iri>1.028</rrp:iri>
          <rrp:raw_iri>0.000</rrp:raw_iri>
          <rrp:iri_class>A</rrp:iri_class>
          <rrp:quality>1.000</rrp:quality>
          <rrp:satellites>62</rrp:satellites>
          <rrp:speed_kmh>25.0</rrp:speed_kmh>
          <rrp:accuracy_m>1.1</rrp:accuracy_m>
          <rrp:accel_x>0.000000</rrp:accel_x>
          <rrp:accel_y>0.000000</rrp:accel_y>
          <rrp:accel_z>11.279084</rrp:accel_z>
          <rrp:gyro_x>0.000000</rrp:gyro_x>
          <rrp:gyro_y>0.000000</rrp:gyro_y>
          <rrp:gyro_z>0.000000</rrp:gyro_z>
          <rrp:sensor_rate_hz>124.9</rrp:sensor_rate_hz>
        </extensions>
      </trkpt>
      <trkpt lat="30.6477109" lon="76.6948359">
        <time>2026-07-24T09:22:51.200Z</time>
        <hdop>99.00</hdop>
        <extensions>
          <gpxtpx:TrackPointExtension>
            <gpxtpx:speed>6.66</gpxtpx:speed>
            <gpxtpx:atemp>0.0</gpxtpx:atemp>
          </gpxtpx:TrackPointExtension>
          <rrp:iri>1.067</rrp:iri>
          <rrp:raw_iri>0.000</rrp:raw_iri>
          <rrp:iri_class>A</rrp:iri_class>
          <rrp:quality>1.000</rrp:quality>
          <rrp:satellites>62</rrp:satellites>
          <rrp:speed_kmh>24.0</rrp:speed_kmh>
          <rrp:accuracy_m>1.0</rrp:accuracy_m>
          <rrp:accel_x>0.000000</rrp:accel_x>
          <rrp:accel_y>0.000000</rrp:accel_y>
          <rrp:accel_z>14.863204</rrp:accel_z>
          <rrp:gyro_x>0.000000</rrp:gyro_x>
          <rrp:gyro_y>0.000000</rrp:gyro_y>
          <rrp:gyro_z>0.000000</rrp:gyro_z>
          <rrp:sensor_rate_hz>125.0</rrp:sensor_rate_hz>
        </extensions>
      </trkpt>
      <trkpt lat="30.6478023" lon="76.6947653">
        <time>2026-07-24T09:22:53.200Z</time>
        <hdop>99.00</hdop>
        <extensions>
          <gpxtpx:TrackPointExtension>
            <gpxtpx:speed>6.18</gpxtpx:speed>
            <gpxtpx:atemp>0.0</gpxtpx:atemp>
          </gpxtpx:TrackPointExtension>
          <rrp:iri>2.598</rrp:iri>
          <rrp:raw_iri>0.000</rrp:raw_iri>
          <rrp:iri_class>B</rrp:iri_class>
          <rrp:quality>1.000</rrp:quality>
          <rrp:satellites>63</rrp:satellites>
          <rrp:speed_kmh>22.3</rrp:speed_kmh>
          <rrp:accuracy_m>1.0</rrp:accuracy_m>
          <rrp:accel_x>0.000000</rrp:accel_x>
          <rrp:accel_y>0.000000</rrp:accel_y>
          <rrp:accel_z>13.175292</rrp:accel_z>
          <rrp:gyro_x>0.000000</rrp:gyro_x>
          <rrp:gyro_y>0.000000</rrp:gyro_y>
          <rrp:gyro_z>0.000000</rrp:gyro_z>
          <rrp:sensor_rate_hz>124.9</rrp:sensor_rate_hz>
        </extensions>
      </trkpt>
      <trkpt lat="30.6479048" lon="76.6946834">
        <time>2026-07-24T09:22:55.221Z</time>
        <hdop>99.00</hdop>
        <extensions>
          <gpxtpx:TrackPointExtension>
            <gpxtpx:speed>6.95</gpxtpx:speed>
            <gpxtpx:atemp>0.0</gpxtpx:atemp>
          </gpxtpx:TrackPointExtension>
          <rrp:iri>2.524</rrp:iri>
          <rrp:raw_iri>0.000</rrp:raw_iri>
          <rrp:iri_class>B</rrp:iri_class>
          <rrp:quality>1.000</rrp:quality>
          <rrp:satellites>66</rrp:satellites>
          <rrp:speed_kmh>25.0</rrp:speed_kmh>
          <rrp:accuracy_m>1.1</rrp:accuracy_m>
          <rrp:accel_x>0.000000</rrp:accel_x>
          <rrp:accel_y>0.000000</rrp:accel_y>
          <rrp:accel_z>10.888829</rrp:accel_z>
          <rrp:gyro_x>0.000000</rrp:gyro_x>
          <rrp:gyro_y>0.000000</rrp:gyro_y>
          <rrp:gyro_z>0.000000</rrp:gyro_z>
          <rrp:sensor_rate_hz>124.9</rrp:sensor_rate_hz>
        </extensions>
      </trkpt>
      <trkpt lat="30.6480105" lon="76.6945956">
        <time>2026-07-24T09:22:57.196Z</time>
        <hdop>99.00</hdop>
        <extensions>
          <gpxtpx:TrackPointExtension>
            <gpxtpx:speed>7.30</gpxtpx:speed>
            <gpxtpx:atemp>0.0</gpxtpx:atemp>
          </gpxtpx:TrackPointExtension>
          <rrp:iri>0.774</rrp:iri>
          <rrp:raw_iri>0.000</rrp:raw_iri>
          <rrp:iri_class>A</rrp:iri_class>
          <rrp:quality>1.000</rrp:quality>
          <rrp:satellites>65</rrp:satellites>
          <rrp:speed_kmh>26.3</rrp:speed_kmh>
          <rrp:accuracy_m>1.3</rrp:accuracy_m>
          <rrp:accel_x>0.000000</rrp:accel_x>
          <rrp:accel_y>0.000000</rrp:accel_y>
          <rrp:accel_z>10.833763</rrp:accel_z>
          <rrp:gyro_x>0.000000</rrp:gyro_x>
          <rrp:gyro_y>0.000000</rrp:gyro_y>
          <rrp:gyro_z>0.000000</rrp:gyro_z>
          <rrp:sensor_rate_hz>125.0</rrp:sensor_rate_hz>
        </extensions>
      </trkpt>
      <trkpt lat="30.6481130" lon="76.6945020">
        <time>2026-07-24T09:22:59.232Z</time>
        <hdop>99.00</hdop>
        <extensions>
          <gpxtpx:TrackPointExtension>
            <gpxtpx:speed>7.21</gpxtpx:speed>
            <gpxtpx:atemp>0.0</gpxtpx:atemp>
          </gpxtpx:TrackPointExtension>
          <rrp:iri>2.400</rrp:iri>
          <rrp:raw_iri>0.000</rrp:raw_iri>
          <rrp:iri_class>B</rrp:iri_class>
          <rrp:quality>1.000</rrp:quality>
          <rrp:satellites>67</rrp:satellites>
          <rrp:speed_kmh>26.0</rrp:speed_kmh>
          <rrp:accuracy_m>1.3</rrp:accuracy_m>
          <rrp:accel_x>0.000000</rrp:accel_x>
          <rrp:accel_y>0.000000</rrp:accel_y>
          <rrp:accel_z>19.079393</rrp:accel_z>
          <rrp:gyro_x>0.000000</rrp:gyro_x>
          <rrp:gyro_y>0.000000</rrp:gyro_y>
          <rrp:gyro_z>0.000000</rrp:gyro_z>
          <rrp:sensor_rate_hz>124.9</rrp:sensor_rate_hz>
        </extensions>
      </trkpt>
      <trkpt lat="30.6482208" lon="76.6944082">
        <time>2026-07-24T09:23:01.177Z</time>
        <hdop>99.00</hdop>
        <extensions>
          <gpxtpx:TrackPointExtension>
            <gpxtpx:speed>7.32</gpxtpx:speed>
            <gpxtpx:atemp>0.0</gpxtpx:atemp>
          </gpxtpx:TrackPointExtension>
          <rrp:iri>6.028</rrp:iri>
          <rrp:raw_iri>0.000</rrp:raw_iri>
          <rrp:iri_class>D</rrp:iri_class>
          <rrp:quality>1.000</rrp:quality>
          <rrp:satellites>68</rrp:satellites>
          <rrp:speed_kmh>26.4</rrp:speed_kmh>
          <rrp:accuracy_m>1.2</rrp:accuracy_m>
          <rrp:accel_x>0.000000</rrp:accel_x>
          <rrp:accel_y>0.000000</rrp:accel_y>
          <rrp:accel_z>20.887016</rrp:accel_z>
          <rrp:gyro_x>0.000000</rrp:gyro_x>
          <rrp:gyro_y>0.000000</rrp:gyro_y>
          <rrp:gyro_z>0.000000</rrp:gyro_z>
          <rrp:sensor_rate_hz>124.9</rrp:sensor_rate_hz>
        </extensions>
      </trkpt>
      <trkpt lat="30.6483309" lon="76.6943159">
        <time>2026-07-24T09:23:03.219Z</time>
        <hdop>99.00</hdop>
        <extensions>
          <gpxtpx:TrackPointExtension>
            <gpxtpx:speed>7.40</gpxtpx:speed>
            <gpxtpx:atemp>0.0</gpxtpx:atemp>
          </gpxtpx:TrackPointExtension>
          <rrp:iri>4.400</rrp:iri>
          <rrp:raw_iri>0.000</rrp:raw_iri>
          <rrp:iri_class>C</rrp:iri_class>
          <rrp:quality>0.500</rrp:quality>
          <rrp:satellites>68</rrp:satellites>
          <rrp:speed_kmh>26.6</rrp:speed_kmh>
          <rrp:accuracy_m>1.0</rrp:accuracy_m>
          <rrp:accel_x>0.000000</rrp:accel_x>
          <rrp:accel_y>0.000000</rrp:accel_y>
          <rrp:accel_z>20.606894</rrp:accel_z>
          <rrp:gyro_x>0.000000</rrp:gyro_x>
          <rrp:gyro_y>0.000000</rrp:gyro_y>
          <rrp:gyro_z>0.000000</rrp:gyro_z>
          <rrp:sensor_rate_hz>124.9</rrp:sensor_rate_hz>
        </extensions>
      </trkpt>
      <trkpt lat="30.6484384" lon="76.6942230">
        <time>2026-07-24T09:23:05.210Z</time>
        <hdop>99.00</hdop>
        <extensions>
          <gpxtpx:TrackPointExtension>
            <gpxtpx:speed>7.54</gpxtpx:speed>
            <gpxtpx:atemp>0.0</gpxtpx:atemp>
          </gpxtpx:TrackPointExtension>
          <rrp:iri>4.449</rrp:iri>
          <rrp:raw_iri>0.000</rrp:raw_iri>
          <rrp:iri_class>C</rrp:iri_class>
          <rrp:quality>0.500</rrp:quality>
          <rrp:satellites>68</rrp:satellites>
          <rrp:speed_kmh>27.1</rrp:speed_kmh>
          <rrp:accuracy_m>1.2</rrp:accuracy_m>
          <rrp:accel_x>0.000000</rrp:accel_x>
          <rrp:accel_y>0.000000</rrp:accel_y>
          <rrp:accel_z>18.880674</rrp:accel_z>
          <rrp:gyro_x>0.000000</rrp:gyro_x>
          <rrp:gyro_y>0.000000</rrp:gyro_y>
          <rrp:gyro_z>0.000000</rrp:gyro_z>
          <rrp:sensor_rate_hz>124.9</rrp:sensor_rate_hz>
        </extensions>
      </trkpt>
      <trkpt lat="30.6485467" lon="76.6941259">
        <time>2026-07-24T09:23:07.212Z</time>
        <hdop>99.00</hdop>
        <extensions>
          <gpxtpx:TrackPointExtension>
            <gpxtpx:speed>7.71</gpxtpx:speed>
            <gpxtpx:atemp>0.0</gpxtpx:atemp>
          </gpxtpx:TrackPointExtension>
          <rrp:iri>1.297</rrp:iri>
          <rrp:raw_iri>0.000</rrp:raw_iri>
          <rrp:iri_class>A</rrp:iri_class>
          <rrp:quality>1.000</rrp:quality>
          <rrp:satellites>67</rrp:satellites>
          <rrp:speed_kmh>27.8</rrp:speed_kmh>
          <rrp:accuracy_m>1.3</rrp:accuracy_m>
          <rrp:accel_x>0.000000</rrp:accel_x>
          <rrp:accel_y>0.000000</rrp:accel_y>
          <rrp:accel_z>10.524911</rrp:accel_z>
          <rrp:gyro_x>0.000000</rrp:gyro_x>
          <rrp:gyro_y>0.000000</rrp:gyro_y>
          <rrp:gyro_z>0.000000</rrp:gyro_z>
          <rrp:sensor_rate_hz>124.9</rrp:sensor_rate_hz>
        </extensions>
      </trkpt>
      <trkpt lat="30.6486657" lon="76.6940277">
        <time>2026-07-24T09:23:09.200Z</time>
        <hdop>99.00</hdop>
        <extensions>
          <gpxtpx:TrackPointExtension>
            <gpxtpx:speed>7.81</gpxtpx:speed>
            <gpxtpx:atemp>0.0</gpxtpx:atemp>
          </gpxtpx:TrackPointExtension>
          <rrp:iri>1.436</rrp:iri>
          <rrp:raw_iri>0.000</rrp:raw_iri>
          <rrp:iri_class>A</rrp:iri_class>
          <rrp:quality>1.000</rrp:quality>
          <rrp:satellites>66</rrp:satellites>
          <rrp:speed_kmh>28.1</rrp:speed_kmh>
          <rrp:accuracy_m>1.4</rrp:accuracy_m>
          <rrp:accel_x>0.000000</rrp:accel_x>
          <rrp:accel_y>0.000000</rrp:accel_y>
          <rrp:accel_z>11.848905</rrp:accel_z>
          <rrp:gyro_x>0.000000</rrp:gyro_x>
          <rrp:gyro_y>0.000000</rrp:gyro_y>
          <rrp:gyro_z>0.000000</rrp:gyro_z>
          <rrp:sensor_rate_hz>125.0</rrp:sensor_rate_hz>
        </extensions>
      </trkpt>
      <trkpt lat="30.6487811" lon="76.6939365">
        <time>2026-07-24T09:23:11.187Z</time>
        <hdop>99.00</hdop>
        <extensions>
          <gpxtpx:TrackPointExtension>
            <gpxtpx:speed>7.92</gpxtpx:speed>
            <gpxtpx:atemp>0.0</gpxtpx:atemp>
          </gpxtpx:TrackPointExtension>
          <rrp:iri>1.343</rrp:iri>
          <rrp:raw_iri>0.000</rrp:raw_iri>
          <rrp:iri_class>A</rrp:iri_class>
          <rrp:quality>1.000</rrp:quality>
          <rrp:satellites>66</rrp:satellites>
          <rrp:speed_kmh>28.5</rrp:speed_kmh>
          <rrp:accuracy_m>1.2</rrp:accuracy_m>
          <rrp:accel_x>0.000000</rrp:accel_x>
          <rrp:accel_y>0.000000</rrp:accel_y>
          <rrp:accel_z>11.228806</rrp:accel_z>
          <rrp:gyro_x>0.000000</rrp:gyro_x>
          <rrp:gyro_y>0.000000</rrp:gyro_y>
          <rrp:gyro_z>0.000000</rrp:gyro_z>
          <rrp:sensor_rate_hz>125.1</rrp:sensor_rate_hz>
        </extensions>
      </trkpt>
      <trkpt lat="30.6489001" lon="76.6938421">
        <time>2026-07-24T09:23:13.225Z</time>
        <hdop>99.00</hdop>
        <extensions>
          <gpxtpx:TrackPointExtension>
            <gpxtpx:speed>7.80</gpxtpx:speed>
            <gpxtpx:atemp>0.0</gpxtpx:atemp>
          </gpxtpx:TrackPointExtension>
          <rrp:iri>1.566</rrp:iri>
          <rrp:raw_iri>0.000</rrp:raw_iri>
          <rrp:iri_class>A</rrp:iri_class>
          <rrp:quality>1.000</rrp:quality>
          <rrp:satellites>66</rrp:satellites>
          <rrp:speed_kmh>28.1</rrp:speed_kmh>
          <rrp:accuracy_m>1.1</rrp:accuracy_m>
          <rrp:accel_x>0.000000</rrp:accel_x>
          <rrp:accel_y>0.000000</rrp:accel_y>
          <rrp:accel_z>12.837709</rrp:accel_z>
          <rrp:gyro_x>0.000000</rrp:gyro_x>
          <rrp:gyro_y>0.000000</rrp:gyro_y>
          <rrp:gyro_z>0.000000</rrp:gyro_z>
          <rrp:sensor_rate_hz>124.9</rrp:sensor_rate_hz>
        </extensions>
      </trkpt>
      <trkpt lat="30.6490108" lon="76.6937503">
        <time>2026-07-24T09:23:15.246Z</time>
        <hdop>99.00</hdop>
        <extensions>
          <gpxtpx:TrackPointExtension>
            <gpxtpx:speed>7.73</gpxtpx:speed>
            <gpxtpx:atemp>0.0</gpxtpx:atemp>
          </gpxtpx:TrackPointExtension>
          <rrp:iri>1.039</rrp:iri>
          <rrp:raw_iri>0.000</rrp:raw_iri>
          <rrp:iri_class>A</rrp:iri_class>
          <rrp:quality>1.000</rrp:quality>
          <rrp:satellites>67</rrp:satellites>
          <rrp:speed_kmh>27.8</rrp:speed_kmh>
          <rrp:accuracy_m>1.0</rrp:accuracy_m>
          <rrp:accel_x>0.000000</rrp:accel_x>
          <rrp:accel_y>0.000000</rrp:accel_y>
          <rrp:accel_z>13.474567</rrp:accel_z>
          <rrp:gyro_x>0.000000</rrp:gyro_x>
          <rrp:gyro_y>0.000000</rrp:gyro_y>
          <rrp:gyro_z>0.000000</rrp:gyro_z>
          <rrp:sensor_rate_hz>124.9</rrp:sensor_rate_hz>
        </extensions>
      </trkpt>
      <trkpt lat="30.6491224" lon="76.6936523">
        <time>2026-07-24T09:23:17.234Z</time>
        <hdop>99.00</hdop>
        <extensions>
          <gpxtpx:TrackPointExtension>
            <gpxtpx:speed>7.88</gpxtpx:speed>
            <gpxtpx:atemp>0.0</gpxtpx:atemp>
          </gpxtpx:TrackPointExtension>
          <rrp:iri>5.100</rrp:iri>
          <rrp:raw_iri>0.000</rrp:raw_iri>
          <rrp:iri_class>C</rrp:iri_class>
          <rrp:quality>1.000</rrp:quality>
          <rrp:satellites>68</rrp:satellites>
          <rrp:speed_kmh>28.4</rrp:speed_kmh>
          <rrp:accuracy_m>1.0</rrp:accuracy_m>
          <rrp:accel_x>0.000000</rrp:accel_x>
          <rrp:accel_y>0.000000</rrp:accel_y>
          <rrp:accel_z>21.454441</rrp:accel_z>
          <rrp:gyro_x>0.000000</rrp:gyro_x>
          <rrp:gyro_y>0.000000</rrp:gyro_y>
          <rrp:gyro_z>0.000000</rrp:gyro_z>
          <rrp:sensor_rate_hz>125.0</rrp:sensor_rate_hz>
        </extensions>
      </trkpt>
      <trkpt lat="30.6492464" lon="76.6935519">
        <time>2026-07-24T09:23:19.236Z</time>
        <hdop>99.00</hdop>
        <extensions>
          <gpxtpx:TrackPointExtension>
            <gpxtpx:speed>8.04</gpxtpx:speed>
            <gpxtpx:atemp>0.0</gpxtpx:atemp>
          </gpxtpx:TrackPointExtension>
          <rrp:iri>2.565</rrp:iri>
          <rrp:raw_iri>0.000</rrp:raw_iri>
          <rrp:iri_class>B</rrp:iri_class>
          <rrp:quality>1.000</rrp:quality>
          <rrp:satellites>67</rrp:satellites>
          <rrp:speed_kmh>28.9</rrp:speed_kmh>
          <rrp:accuracy_m>1.0</rrp:accuracy_m>
          <rrp:accel_x>0.000000</rrp:accel_x>
          <rrp:accel_y>0.000000</rrp:accel_y>
          <rrp:accel_z>10.448297</rrp:accel_z>
          <rrp:gyro_x>0.000000</rrp:gyro_x>
          <rrp:gyro_y>0.000000</rrp:gyro_y>
          <rrp:gyro_z>0.000000</rrp:gyro_z>
          <rrp:sensor_rate_hz>125.0</rrp:sensor_rate_hz>
        </extensions>
      </trkpt>
      <trkpt lat="30.6493624" lon="76.6934466">
        <time>2026-07-24T09:23:21.259Z</time>
        <hdop>99.00</hdop>
        <extensions>
          <gpxtpx:TrackPointExtension>
            <gpxtpx:speed>8.23</gpxtpx:speed>
            <gpxtpx:atemp>0.0</gpxtpx:atemp>
          </gpxtpx:TrackPointExtension>
          <rrp:iri>3.312</rrp:iri>
          <rrp:raw_iri>0.000</rrp:raw_iri>
          <rrp:iri_class>B</rrp:iri_class>
          <rrp:quality>1.000</rrp:quality>
          <rrp:satellites>68</rrp:satellites>
          <rrp:speed_kmh>29.6</rrp:speed_kmh>
          <rrp:accuracy_m>1.0</rrp:accuracy_m>
          <rrp:accel_x>0.000000</rrp:accel_x>
          <rrp:accel_y>0.000000</rrp:accel_y>
          <rrp:accel_z>32.702400</rrp:accel_z>
          <rrp:gyro_x>0.000000</rrp:gyro_x>
          <rrp:gyro_y>0.000000</rrp:gyro_y>
          <rrp:gyro_z>0.000000</rrp:gyro_z>
          <rrp:sensor_rate_hz>125.4</rrp:sensor_rate_hz>
        </extensions>
      </trkpt>
      <trkpt lat="30.6494760" lon="76.6933437">
        <time>2026-07-24T09:23:23.253Z</time>
        <hdop>99.00</hdop>
        <extensions>
          <gpxtpx:TrackPointExtension>
            <gpxtpx:speed>7.85</gpxtpx:speed>
            <gpxtpx:atemp>0.0</gpxtpx:atemp>
          </gpxtpx:TrackPointExtension>
          <rrp:iri>1.716</rrp:iri>
          <rrp:raw_iri>0.000</rrp:raw_iri>
          <rrp:iri_class>A</rrp:iri_class>
          <rrp:quality>0.500</rrp:quality>
          <rrp:satellites>67</rrp:satellites>
          <rrp:speed_kmh>28.3</rrp:speed_kmh>
          <rrp:accuracy_m>1.0</rrp:accuracy_m>
          <rrp:accel_x>0.000000</rrp:accel_x>
          <rrp:accel_y>0.000000</rrp:accel_y>
          <rrp:accel_z>15.452178</rrp:accel_z>
          <rrp:gyro_x>0.000000</rrp:gyro_x>
          <rrp:gyro_y>0.000000</rrp:gyro_y>
          <rrp:gyro_z>0.000000</rrp:gyro_z>
          <rrp:sensor_rate_hz>124.9</rrp:sensor_rate_hz>
        </extensions>
      </trkpt>
      <trkpt lat="30.6495700" lon="76.6932586">
        <time>2026-07-24T09:23:25.195Z</time>
        <hdop>99.00</hdop>
        <extensions>
          <gpxtpx:TrackPointExtension>
            <gpxtpx:speed>6.74</gpxtpx:speed>
            <gpxtpx:atemp>0.0</gpxtpx:atemp>
          </gpxtpx:TrackPointExtension>
          <rrp:iri>2.078</rrp:iri>
          <rrp:raw_iri>0.000</rrp:raw_iri>
          <rrp:iri_class>B</rrp:iri_class>
          <rrp:quality>0.500</rrp:quality>
          <rrp:satellites>67</rrp:satellites>
          <rrp:speed_kmh>24.3</rrp:speed_kmh>
          <rrp:accuracy_m>1.2</rrp:accuracy_m>
          <rrp:accel_x>0.000000</rrp:accel_x>
          <rrp:accel_y>0.000000</rrp:accel_y>
          <rrp:accel_z>15.047558</rrp:accel_z>
          <rrp:gyro_x>0.000000</rrp:gyro_x>
          <rrp:gyro_y>0.000000</rrp:gyro_y>
          <rrp:gyro_z>0.000000</rrp:gyro_z>
          <rrp:sensor_rate_hz>124.9</rrp:sensor_rate_hz>
        </extensions>
      </trkpt>
      <trkpt lat="30.6496610" lon="76.6931871">
        <time>2026-07-24T09:23:27.209Z</time>
        <hdop>99.00</hdop>
        <extensions>
          <gpxtpx:TrackPointExtension>
            <gpxtpx:speed>6.26</gpxtpx:speed>
            <gpxtpx:atemp>0.0</gpxtpx:atemp>
          </gpxtpx:TrackPointExtension>
          <rrp:iri>2.626</rrp:iri>
          <rrp:raw_iri>0.000</rrp:raw_iri>
          <rrp:iri_class>B</rrp:iri_class>
          <rrp:quality>1.000</rrp:quality>
          <rrp:satellites>67</rrp:satellites>
          <rrp:speed_kmh>22.6</rrp:speed_kmh>
          <rrp:accuracy_m>1.3</rrp:accuracy_m>
          <rrp:accel_x>0.000000</rrp:accel_x>
          <rrp:accel_y>0.000000</rrp:accel_y>
          <rrp:accel_z>15.148114</rrp:accel_z>
          <rrp:gyro_x>0.000000</rrp:gyro_x>
          <rrp:gyro_y>0.000000</rrp:gyro_y>
          <rrp:gyro_z>0.000000</rrp:gyro_z>
          <rrp:sensor_rate_hz>124.9</rrp:sensor_rate_hz>
        </extensions>
      </trkpt>
      <trkpt lat="30.6497621" lon="76.6931191">
        <time>2026-07-24T09:23:29.227Z</time>
        <hdop>99.00</hdop>
        <extensions>
          <gpxtpx:TrackPointExtension>
            <gpxtpx:speed>6.42</gpxtpx:speed>
            <gpxtpx:atemp>0.0</gpxtpx:atemp>
          </gpxtpx:TrackPointExtension>
          <rrp:iri>3.224</rrp:iri>
          <rrp:raw_iri>0.000</rrp:raw_iri>
          <rrp:iri_class>B</rrp:iri_class>
          <rrp:quality>1.000</rrp:quality>
          <rrp:satellites>67</rrp:satellites>
          <rrp:speed_kmh>23.1</rrp:speed_kmh>
          <rrp:accuracy_m>1.3</rrp:accuracy_m>
          <rrp:accel_x>0.000000</rrp:accel_x>
          <rrp:accel_y>0.000000</rrp:accel_y>
          <rrp:accel_z>11.233594</rrp:accel_z>
          <rrp:gyro_x>0.000000</rrp:gyro_x>
          <rrp:gyro_y>0.000000</rrp:gyro_y>
          <rrp:gyro_z>0.000000</rrp:gyro_z>
          <rrp:sensor_rate_hz>125.0</rrp:sensor_rate_hz>
        </extensions>
      </trkpt>
      <trkpt lat="30.6498635" lon="76.6930562">
        <time>2026-07-24T09:23:31.243Z</time>
        <hdop>99.00</hdop>
        <extensions>
          <gpxtpx:TrackPointExtension>
            <gpxtpx:speed>6.26</gpxtpx:speed>
            <gpxtpx:atemp>0.0</gpxtpx:atemp>
          </gpxtpx:TrackPointExtension>
          <rrp:iri>3.431</rrp:iri>
          <rrp:raw_iri>0.000</rrp:raw_iri>
          <rrp:iri_class>B</rrp:iri_class>
          <rrp:quality>1.000</rrp:quality>
          <rrp:satellites>68</rrp:satellites>
          <rrp:speed_kmh>22.5</rrp:speed_kmh>
          <rrp:accuracy_m>1.1</rrp:accuracy_m>
          <rrp:accel_x>0.000000</rrp:accel_x>
          <rrp:accel_y>0.000000</rrp:accel_y>
          <rrp:accel_z>18.918982</rrp:accel_z>
          <rrp:gyro_x>0.000000</rrp:gyro_x>
          <rrp:gyro_y>0.000000</rrp:gyro_y>
          <rrp:gyro_z>0.000000</rrp:gyro_z>
          <rrp:sensor_rate_hz>124.9</rrp:sensor_rate_hz>
        </extensions>
      </trkpt>
      <trkpt lat="30.6499560" lon="76.6929783">
        <time>2026-07-24T09:23:33.201Z</time>
        <hdop>99.00</hdop>
        <extensions>
          <gpxtpx:TrackPointExtension>
            <gpxtpx:speed>6.29</gpxtpx:speed>
            <gpxtpx:atemp>0.0</gpxtpx:atemp>
          </gpxtpx:TrackPointExtension>
          <rrp:iri>6.788</rrp:iri>
          <rrp:raw_iri>0.000</rrp:raw_iri>
          <rrp:iri_class>D</rrp:iri_class>
          <rrp:quality>0.500</rrp:quality>
          <rrp:satellites>67</rrp:satellites>
          <rrp:speed_kmh>22.7</rrp:speed_kmh>
          <rrp:accuracy_m>1.0</rrp:accuracy_m>
          <rrp:accel_x>0.000000</rrp:accel_x>
          <rrp:accel_y>0.000000</rrp:accel_y>
          <rrp:accel_z>15.988479</rrp:accel_z>
          <rrp:gyro_x>0.000000</rrp:gyro_x>
          <rrp:gyro_y>0.000000</rrp:gyro_y>
          <rrp:gyro_z>0.000000</rrp:gyro_z>
          <rrp:sensor_rate_hz>124.9</rrp:sensor_rate_hz>
        </extensions>
      </trkpt>
      <trkpt lat="30.6500475" lon="76.6929056">
        <time>2026-07-24T09:23:36.262Z</time>
        <hdop>99.00</hdop>
        <extensions>
          <gpxtpx:TrackPointExtension>
            <gpxtpx:speed>3.84</gpxtpx:speed>
            <gpxtpx:atemp>0.0</gpxtpx:atemp>
          </gpxtpx:TrackPointExtension>
          <rrp:iri>8.380</rrp:iri>
          <rrp:raw_iri>0.000</rrp:raw_iri>
          <rrp:iri_class>E</rrp:iri_class>
          <rrp:quality>0.500</rrp:quality>
          <rrp:satellites>67</rrp:satellites>
          <rrp:speed_kmh>13.8</rrp:speed_kmh>
          <rrp:accuracy_m>1.1</rrp:accuracy_m>
          <rrp:accel_x>0.000000</rrp:accel_x>
          <rrp:accel_y>0.000000</rrp:accel_y>
          <rrp:accel_z>25.297134</rrp:accel_z>
          <rrp:gyro_x>0.000000</rrp:gyro_x>
          <rrp:gyro_y>0.000000</rrp:gyro_y>
          <rrp:gyro_z>0.000000</rrp:gyro_z>
          <rrp:sensor_rate_hz>124.9</rrp:sensor_rate_hz>
        </extensions>
      </trkpt>
      <trkpt lat="30.6501375" lon="76.6928323">
        <time>2026-07-24T09:23:39.250Z</time>
        <hdop>99.00</hdop>
        <extensions>
          <gpxtpx:TrackPointExtension>
            <gpxtpx:speed>4.17</gpxtpx:speed>
            <gpxtpx:atemp>0.0</gpxtpx:atemp>
          </gpxtpx:TrackPointExtension>
          <rrp:iri>12.961</rrp:iri>
          <rrp:raw_iri>0.000</rrp:raw_iri>
          <rrp:iri_class>E</rrp:iri_class>
          <rrp:quality>0.719</rrp:quality>
          <rrp:satellites>67</rrp:satellites>
          <rrp:speed_kmh>15.0</rrp:speed_kmh>
          <rrp:accuracy_m>1.4</rrp:accuracy_m>
          <rrp:accel_x>0.000000</rrp:accel_x>
          <rrp:accel_y>0.000000</rrp:accel_y>
          <rrp:accel_z>20.666750</rrp:accel_z>
          <rrp:gyro_x>0.000000</rrp:gyro_x>
          <rrp:gyro_y>0.000000</rrp:gyro_y>
          <rrp:gyro_z>0.000000</rrp:gyro_z>
          <rrp:sensor_rate_hz>125.0</rrp:sensor_rate_hz>
        </extensions>
      </trkpt>
      <trkpt lat="30.6502217" lon="76.6927512">
        <time>2026-07-24T09:23:41.201Z</time>
        <hdop>99.00</hdop>
        <extensions>
          <gpxtpx:TrackPointExtension>
            <gpxtpx:speed>6.15</gpxtpx:speed>
            <gpxtpx:atemp>0.0</gpxtpx:atemp>
          </gpxtpx:TrackPointExtension>
          <rrp:iri>16.915</rrp:iri>
          <rrp:raw_iri>0.000</rrp:raw_iri>
          <rrp:iri_class>E</rrp:iri_class>
          <rrp:quality>0.719</rrp:quality>
          <rrp:satellites>66</rrp:satellites>
          <rrp:speed_kmh>22.1</rrp:speed_kmh>
          <rrp:accuracy_m>1.5</rrp:accuracy_m>
          <rrp:accel_x>0.000000</rrp:accel_x>
          <rrp:accel_y>0.000000</rrp:accel_y>
          <rrp:accel_z>16.045940</rrp:accel_z>
          <rrp:gyro_x>0.000000</rrp:gyro_x>
          <rrp:gyro_y>0.000000</rrp:gyro_y>
          <rrp:gyro_z>0.000000</rrp:gyro_z>
          <rrp:sensor_rate_hz>124.9</rrp:sensor_rate_hz>
        </extensions>
      </trkpt>
      <trkpt lat="30.6503184" lon="76.6926651">
        <time>2026-07-24T09:23:43.231Z</time>
        <hdop>99.00</hdop>
        <extensions>
          <gpxtpx:TrackPointExtension>
            <gpxtpx:speed>6.60</gpxtpx:speed>
            <gpxtpx:atemp>0.0</gpxtpx:atemp>
          </gpxtpx:TrackPointExtension>
          <rrp:iri>8.375</rrp:iri>
          <rrp:raw_iri>0.000</rrp:raw_iri>
          <rrp:iri_class>E</rrp:iri_class>
          <rrp:quality>0.500</rrp:quality>
          <rrp:satellites>66</rrp:satellites>
          <rrp:speed_kmh>23.8</rrp:speed_kmh>
          <rrp:accuracy_m>1.4</rrp:accuracy_m>
          <rrp:accel_x>0.000000</rrp:accel_x>
          <rrp:accel_y>0.000000</rrp:accel_y>
          <rrp:accel_z>16.273390</rrp:accel_z>
          <rrp:gyro_x>0.000000</rrp:gyro_x>
          <rrp:gyro_y>0.000000</rrp:gyro_y>
          <rrp:gyro_z>0.000000</rrp:gyro_z>
          <rrp:sensor_rate_hz>124.9</rrp:sensor_rate_hz>
        </extensions>
      </trkpt>
      <trkpt lat="30.6504177" lon="76.6925720">
        <time>2026-07-24T09:23:45.234Z</time>
        <hdop>99.00</hdop>
        <extensions>
          <gpxtpx:TrackPointExtension>
            <gpxtpx:speed>6.93</gpxtpx:speed>
            <gpxtpx:atemp>0.0</gpxtpx:atemp>
          </gpxtpx:TrackPointExtension>
          <rrp:iri>2.783</rrp:iri>
          <rrp:raw_iri>0.000</rrp:raw_iri>
          <rrp:iri_class>B</rrp:iri_class>
          <rrp:quality>0.500</rrp:quality>
          <rrp:satellites>65</rrp:satellites>
          <rrp:speed_kmh>25.0</rrp:speed_kmh>
          <rrp:accuracy_m>1.3</rrp:accuracy_m>
          <rrp:accel_x>0.000000</rrp:accel_x>
          <rrp:accel_y>0.000000</rrp:accel_y>
          <rrp:accel_z>10.936713</rrp:accel_z>
          <rrp:gyro_x>0.000000</rrp:gyro_x>
          <rrp:gyro_y>0.000000</rrp:gyro_y>
          <rrp:gyro_z>0.000000</rrp:gyro_z>
          <rrp:sensor_rate_hz>125.0</rrp:sensor_rate_hz>
        </extensions>
      </trkpt>
      <trkpt lat="30.6505199" lon="76.6924827">
        <time>2026-07-24T09:23:47.207Z</time>
        <hdop>99.00</hdop>
        <extensions>
          <gpxtpx:TrackPointExtension>
            <gpxtpx:speed>7.40</gpxtpx:speed>
            <gpxtpx:atemp>0.0</gpxtpx:atemp>
          </gpxtpx:TrackPointExtension>
          <rrp:iri>3.048</rrp:iri>
          <rrp:raw_iri>0.000</rrp:raw_iri>
          <rrp:iri_class>B</rrp:iri_class>
          <rrp:quality>1.000</rrp:quality>
          <rrp:satellites>65</rrp:satellites>
          <rrp:speed_kmh>26.7</rrp:speed_kmh>
          <rrp:accuracy_m>1.2</rrp:accuracy_m>
          <rrp:accel_x>0.000000</rrp:accel_x>
          <rrp:accel_y>0.000000</rrp:accel_y>
          <rrp:accel_z>16.464926</rrp:accel_z>
          <rrp:gyro_x>0.000000</rrp:gyro_x>
          <rrp:gyro_y>0.000000</rrp:gyro_y>
          <rrp:gyro_z>0.000000</rrp:gyro_z>
          <rrp:sensor_rate_hz>124.9</rrp:sensor_rate_hz>
        </extensions>
      </trkpt>
      <trkpt lat="30.6506248" lon="76.6923933">
        <time>2026-07-24T09:23:49.186Z</time>
        <hdop>99.00</hdop>
        <extensions>
          <gpxtpx:TrackPointExtension>
            <gpxtpx:speed>7.09</gpxtpx:speed>
            <gpxtpx:atemp>0.0</gpxtpx:atemp>
          </gpxtpx:TrackPointExtension>
          <rrp:iri>5.607</rrp:iri>
          <rrp:raw_iri>0.000</rrp:raw_iri>
          <rrp:iri_class>C</rrp:iri_class>
          <rrp:quality>1.000</rrp:quality>
          <rrp:satellites>67</rrp:satellites>
          <rrp:speed_kmh>25.5</rrp:speed_kmh>
          <rrp:accuracy_m>1.1</rrp:accuracy_m>
          <rrp:accel_x>0.000000</rrp:accel_x>
          <rrp:accel_y>0.000000</rrp:accel_y>
          <rrp:accel_z>23.472754</rrp:accel_z>
          <rrp:gyro_x>0.000000</rrp:gyro_x>
          <rrp:gyro_y>0.000000</rrp:gyro_y>
          <rrp:gyro_z>0.000000</rrp:gyro_z>
          <rrp:sensor_rate_hz>125.0</rrp:sensor_rate_hz>
        </extensions>
      </trkpt>
      <trkpt lat="30.6507295" lon="76.6923082">
        <time>2026-07-24T09:23:51.242Z</time>
        <hdop>99.00</hdop>
        <extensions>
          <gpxtpx:TrackPointExtension>
            <gpxtpx:speed>7.12</gpxtpx:speed>
            <gpxtpx:atemp>0.0</gpxtpx:atemp>
          </gpxtpx:TrackPointExtension>
          <rrp:iri>6.762</rrp:iri>
          <rrp:raw_iri>0.000</rrp:raw_iri>
          <rrp:iri_class>D</rrp:iri_class>
          <rrp:quality>1.000</rrp:quality>
          <rrp:satellites>67</rrp:satellites>
          <rrp:speed_kmh>25.6</rrp:speed_kmh>
          <rrp:accuracy_m>1.1</rrp:accuracy_m>
          <rrp:accel_x>0.000000</rrp:accel_x>
          <rrp:accel_y>0.000000</rrp:accel_y>
          <rrp:accel_z>25.610775</rrp:accel_z>
          <rrp:gyro_x>0.000000</rrp:gyro_x>
          <rrp:gyro_y>0.000000</rrp:gyro_y>
          <rrp:gyro_z>0.000000</rrp:gyro_z>
          <rrp:sensor_rate_hz>124.9</rrp:sensor_rate_hz>
        </extensions>
      </trkpt>
      <trkpt lat="30.6508275" lon="76.6922098">
        <time>2026-07-24T09:23:53.198Z</time>
        <hdop>99.00</hdop>
        <extensions>
          <gpxtpx:TrackPointExtension>
            <gpxtpx:speed>7.30</gpxtpx:speed>
            <gpxtpx:atemp>0.0</gpxtpx:atemp>
          </gpxtpx:TrackPointExtension>
          <rrp:iri>5.562</rrp:iri>
          <rrp:raw_iri>0.000</rrp:raw_iri>
          <rrp:iri_class>C</rrp:iri_class>
          <rrp:quality>1.000</rrp:quality>
          <rrp:satellites>65</rrp:satellites>
          <rrp:speed_kmh>26.3</rrp:speed_kmh>
          <rrp:accuracy_m>1.2</rrp:accuracy_m>
          <rrp:accel_x>0.000000</rrp:accel_x>
          <rrp:accel_y>0.000000</rrp:accel_y>
          <rrp:accel_z>17.156849</rrp:accel_z>
          <rrp:gyro_x>0.000000</rrp:gyro_x>
          <rrp:gyro_y>0.000000</rrp:gyro_y>
          <rrp:gyro_z>0.000000</rrp:gyro_z>
          <rrp:sensor_rate_hz>125.0</rrp:sensor_rate_hz>
        </extensions>
      </trkpt>
      <trkpt lat="30.6509397" lon="76.6921243">
        <time>2026-07-24T09:23:55.208Z</time>
        <hdop>99.00</hdop>
        <extensions>
          <gpxtpx:TrackPointExtension>
            <gpxtpx:speed>7.48</gpxtpx:speed>
            <gpxtpx:atemp>0.0</gpxtpx:atemp>
          </gpxtpx:TrackPointExtension>
          <rrp:iri>4.327</rrp:iri>
          <rrp:raw_iri>0.000</rrp:raw_iri>
          <rrp:iri_class>C</rrp:iri_class>
          <rrp:quality>1.000</rrp:quality>
          <rrp:satellites>65</rrp:satellites>
          <rrp:speed_kmh>26.9</rrp:speed_kmh>
          <rrp:accuracy_m>1.4</rrp:accuracy_m>
          <rrp:accel_x>0.000000</rrp:accel_x>
          <rrp:accel_y>0.000000</rrp:accel_y>
          <rrp:accel_z>16.855181</rrp:accel_z>
          <rrp:gyro_x>0.000000</rrp:gyro_x>
          <rrp:gyro_y>0.000000</rrp:gyro_y>
          <rrp:gyro_z>0.000000</rrp:gyro_z>
          <rrp:sensor_rate_hz>125.0</rrp:sensor_rate_hz>
        </extensions>
      </trkpt>
      <trkpt lat="30.6510533" lon="76.6920318">
        <time>2026-07-24T09:23:57.232Z</time>
        <hdop>99.00</hdop>
        <extensions>
          <gpxtpx:TrackPointExtension>
            <gpxtpx:speed>7.67</gpxtpx:speed>
            <gpxtpx:atemp>0.0</gpxtpx:atemp>
          </gpxtpx:TrackPointExtension>
          <rrp:iri>3.844</rrp:iri>
          <rrp:raw_iri>0.000</rrp:raw_iri>
          <rrp:iri_class>B</rrp:iri_class>
          <rrp:quality>0.500</rrp:quality>
          <rrp:satellites>66</rrp:satellites>
          <rrp:speed_kmh>27.6</rrp:speed_kmh>
          <rrp:accuracy_m>1.5</rrp:accuracy_m>
          <rrp:accel_x>0.000000</rrp:accel_x>
          <rrp:accel_y>0.000000</rrp:accel_y>
          <rrp:accel_z>16.881516</rrp:accel_z>
          <rrp:gyro_x>0.000000</rrp:gyro_x>
          <rrp:gyro_y>0.000000</rrp:gyro_y>
          <rrp:gyro_z>0.000000</rrp:gyro_z>
          <rrp:sensor_rate_hz>125.0</rrp:sensor_rate_hz>
        </extensions>
      </trkpt>
      <trkpt lat="30.6511663" lon="76.6919404">
        <time>2026-07-24T09:23:59.244Z</time>
        <hdop>99.00</hdop>
        <extensions>
          <gpxtpx:TrackPointExtension>
            <gpxtpx:speed>7.85</gpxtpx:speed>
            <gpxtpx:atemp>0.0</gpxtpx:atemp>
          </gpxtpx:TrackPointExtension>
          <rrp:iri>4.293</rrp:iri>
          <rrp:raw_iri>0.000</rrp:raw_iri>
          <rrp:iri_class>C</rrp:iri_class>
          <rrp:quality>0.500</rrp:quality>
          <rrp:satellites>67</rrp:satellites>
          <rrp:speed_kmh>28.3</rrp:speed_kmh>
          <rrp:accuracy_m>1.4</rrp:accuracy_m>
          <rrp:accel_x>0.000000</rrp:accel_x>
          <rrp:accel_y>0.000000</rrp:accel_y>
          <rrp:accel_z>22.984337</rrp:accel_z>
          <rrp:gyro_x>0.000000</rrp:gyro_x>
          <rrp:gyro_y>0.000000</rrp:gyro_y>
          <rrp:gyro_z>0.000000</rrp:gyro_z>
          <rrp:sensor_rate_hz>124.9</rrp:sensor_rate_hz>
        </extensions>
      </trkpt>
      <trkpt lat="30.6512873" lon="76.6918378">
        <time>2026-07-24T09:24:01.166Z</time>
        <hdop>99.00</hdop>
        <extensions>
          <gpxtpx:TrackPointExtension>
            <gpxtpx:speed>7.90</gpxtpx:speed>
            <gpxtpx:atemp>0.0</gpxtpx:atemp>
          </gpxtpx:TrackPointExtension>
          <rrp:iri>5.293</rrp:iri>
          <rrp:raw_iri>0.000</rrp:raw_iri>
          <rrp:iri_class>C</rrp:iri_class>
          <rrp:quality>0.500</rrp:quality>
          <rrp:satellites>66</rrp:satellites>
          <rrp:speed_kmh>28.5</rrp:speed_kmh>
          <rrp:accuracy_m>1.3</rrp:accuracy_m>
          <rrp:accel_x>0.000000</rrp:accel_x>
          <rrp:accel_y>0.000000</rrp:accel_y>
          <rrp:accel_z>24.133553</rrp:accel_z>
          <rrp:gyro_x>0.000000</rrp:gyro_x>
          <rrp:gyro_y>0.000000</rrp:gyro_y>
          <rrp:gyro_z>0.000000</rrp:gyro_z>
          <rrp:sensor_rate_hz>124.9</rrp:sensor_rate_hz>
        </extensions>
      </trkpt>
      <trkpt lat="30.6513951" lon="76.6917445">
        <time>2026-07-24T09:24:03.198Z</time>
        <hdop>99.00</hdop>
        <extensions>
          <gpxtpx:TrackPointExtension>
            <gpxtpx:speed>7.71</gpxtpx:speed>
            <gpxtpx:atemp>0.0</gpxtpx:atemp>
          </gpxtpx:TrackPointExtension>
          <rrp:iri>3.435</rrp:iri>
          <rrp:raw_iri>0.000</rrp:raw_iri>
          <rrp:iri_class>B</rrp:iri_class>
          <rrp:quality>1.000</rrp:quality>
          <rrp:satellites>61</rrp:satellites>
          <rrp:speed_kmh>27.8</rrp:speed_kmh>
          <rrp:accuracy_m>1.2</rrp:accuracy_m>
          <rrp:accel_x>0.000000</rrp:accel_x>
          <rrp:accel_y>0.000000</rrp:accel_y>
          <rrp:accel_z>11.425131</rrp:accel_z>
          <rrp:gyro_x>0.000000</rrp:gyro_x>
          <rrp:gyro_y>0.000000</rrp:gyro_y>
          <rrp:gyro_z>0.000000</rrp:gyro_z>
          <rrp:sensor_rate_hz>124.9</rrp:sensor_rate_hz>
        </extensions>
      </trkpt>
      <trkpt lat="30.6515027" lon="76.6916614">
        <time>2026-07-24T09:24:05.186Z</time>
        <hdop>99.00</hdop>
        <extensions>
          <gpxtpx:TrackPointExtension>
            <gpxtpx:speed>7.03</gpxtpx:speed>
            <gpxtpx:atemp>0.0</gpxtpx:atemp>
          </gpxtpx:TrackPointExtension>
          <rrp:iri>1.416</rrp:iri>
          <rrp:raw_iri>0.000</rrp:raw_iri>
          <rrp:iri_class>A</rrp:iri_class>
          <rrp:quality>1.000</rrp:quality>
          <rrp:satellites>59</rrp:satellites>
          <rrp:speed_kmh>25.3</rrp:speed_kmh>
          <rrp:accuracy_m>1.3</rrp:accuracy_m>
          <rrp:accel_x>0.000000</rrp:accel_x>
          <rrp:accel_y>0.000000</rrp:accel_y>
          <rrp:accel_z>12.117055</rrp:accel_z>
          <rrp:gyro_x>0.000000</rrp:gyro_x>
          <rrp:gyro_y>0.000000</rrp:gyro_y>
          <rrp:gyro_z>0.000000</rrp:gyro_z>
          <rrp:sensor_rate_hz>125.0</rrp:sensor_rate_hz>
        </extensions>
      </trkpt>
      <trkpt lat="30.6516042" lon="76.6915812">
        <time>2026-07-24T09:24:07.168Z</time>
        <hdop>99.00</hdop>
        <extensions>
          <gpxtpx:TrackPointExtension>
            <gpxtpx:speed>6.56</gpxtpx:speed>
            <gpxtpx:atemp>0.0</gpxtpx:atemp>
          </gpxtpx:TrackPointExtension>
          <rrp:iri>1.672</rrp:iri>
          <rrp:raw_iri>0.000</rrp:raw_iri>
          <rrp:iri_class>A</rrp:iri_class>
          <rrp:quality>1.000</rrp:quality>
          <rrp:satellites>62</rrp:satellites>
          <rrp:speed_kmh>23.6</rrp:speed_kmh>
          <rrp:accuracy_m>1.4</rrp:accuracy_m>
          <rrp:accel_x>0.000000</rrp:accel_x>
          <rrp:accel_y>0.000000</rrp:accel_y>
          <rrp:accel_z>12.502522</rrp:accel_z>
          <rrp:gyro_x>0.000000</rrp:gyro_x>
          <rrp:gyro_y>0.000000</rrp:gyro_y>
          <rrp:gyro_z>0.000000</rrp:gyro_z>
          <rrp:sensor_rate_hz>124.9</rrp:sensor_rate_hz>
        </extensions>
      </trkpt>
      <trkpt lat="30.6517070" lon="76.6914999">
        <time>2026-07-24T09:24:09.213Z</time>
        <hdop>99.00</hdop>
        <extensions>
          <gpxtpx:TrackPointExtension>
            <gpxtpx:speed>6.63</gpxtpx:speed>
            <gpxtpx:atemp>0.0</gpxtpx:atemp>
          </gpxtpx:TrackPointExtension>
          <rrp:iri>1.638</rrp:iri>
          <rrp:raw_iri>0.000</rrp:raw_iri>
          <rrp:iri_class>A</rrp:iri_class>
          <rrp:quality>1.000</rrp:quality>
          <rrp:satellites>62</rrp:satellites>
          <rrp:speed_kmh>23.9</rrp:speed_kmh>
          <rrp:accuracy_m>1.5</rrp:accuracy_m>
          <rrp:accel_x>0.000000</rrp:accel_x>
          <rrp:accel_y>0.000000</rrp:accel_y>
          <rrp:accel_z>12.349293</rrp:accel_z>
          <rrp:gyro_x>0.000000</rrp:gyro_x>
          <rrp:gyro_y>0.000000</rrp:gyro_y>
          <rrp:gyro_z>0.000000</rrp:gyro_z>
          <rrp:sensor_rate_hz>124.9</rrp:sensor_rate_hz>
        </extensions>
      </trkpt>
      <trkpt lat="30.6518005" lon="76.6914186">
        <time>2026-07-24T09:24:11.195Z</time>
        <hdop>99.00</hdop>
        <extensions>
          <gpxtpx:TrackPointExtension>
            <gpxtpx:speed>6.68</gpxtpx:speed>
            <gpxtpx:atemp>0.0</gpxtpx:atemp>
          </gpxtpx:TrackPointExtension>
          <rrp:iri>1.537</rrp:iri>
          <rrp:raw_iri>0.000</rrp:raw_iri>
          <rrp:iri_class>A</rrp:iri_class>
          <rrp:quality>1.000</rrp:quality>
          <rrp:satellites>65</rrp:satellites>
          <rrp:speed_kmh>24.1</rrp:speed_kmh>
          <rrp:accuracy_m>1.5</rrp:accuracy_m>
          <rrp:accel_x>0.000000</rrp:accel_x>
          <rrp:accel_y>0.000000</rrp:accel_y>
          <rrp:accel_z>12.828133</rrp:accel_z>
          <rrp:gyro_x>0.000000</rrp:gyro_x>
          <rrp:gyro_y>0.000000</rrp:gyro_y>
          <rrp:gyro_z>0.000000</rrp:gyro_z>
          <rrp:sensor_rate_hz>124.8</rrp:sensor_rate_hz>
        </extensions>
      </trkpt>
      <trkpt lat="30.6519009" lon="76.6913338">
        <time>2026-07-24T09:24:13.181Z</time>
        <hdop>99.00</hdop>
        <extensions>
          <gpxtpx:TrackPointExtension>
            <gpxtpx:speed>6.82</gpxtpx:speed>
            <gpxtpx:atemp>0.0</gpxtpx:atemp>
          </gpxtpx:TrackPointExtension>
          <rrp:iri>1.428</rrp:iri>
          <rrp:raw_iri>0.000</rrp:raw_iri>
          <rrp:iri_class>A</rrp:iri_class>
          <rrp:quality>1.000</rrp:quality>
          <rrp:satellites>65</rrp:satellites>
          <rrp:speed_kmh>24.6</rrp:speed_kmh>
          <rrp:accuracy_m>1.4</rrp:accuracy_m>
          <rrp:accel_x>0.000000</rrp:accel_x>
          <rrp:accel_y>0.000000</rrp:accel_y>
          <rrp:accel_z>11.513716</rrp:accel_z>
          <rrp:gyro_x>0.000000</rrp:gyro_x>
          <rrp:gyro_y>0.000000</rrp:gyro_y>
          <rrp:gyro_z>0.000000</rrp:gyro_z>
          <rrp:sensor_rate_hz>125.0</rrp:sensor_rate_hz>
        </extensions>
      </trkpt>
      <trkpt lat="30.6519992" lon="76.6912517">
        <time>2026-07-24T09:24:15.224Z</time>
        <hdop>99.00</hdop>
        <extensions>
          <gpxtpx:TrackPointExtension>
            <gpxtpx:speed>6.92</gpxtpx:speed>
            <gpxtpx:atemp>0.0</gpxtpx:atemp>
          </gpxtpx:TrackPointExtension>
          <rrp:iri>1.381</rrp:iri>
          <rrp:raw_iri>0.000</rrp:raw_iri>
          <rrp:iri_class>A</rrp:iri_class>
          <rrp:quality>1.000</rrp:quality>
          <rrp:satellites>63</rrp:satellites>
          <rrp:speed_kmh>24.9</rrp:speed_kmh>
          <rrp:accuracy_m>1.2</rrp:accuracy_m>
          <rrp:accel_x>0.000000</rrp:accel_x>
          <rrp:accel_y>0.000000</rrp:accel_y>
          <rrp:accel_z>11.786655</rrp:accel_z>
          <rrp:gyro_x>0.000000</rrp:gyro_x>
          <rrp:gyro_y>0.000000</rrp:gyro_y>
          <rrp:gyro_z>0.000000</rrp:gyro_z>
          <rrp:sensor_rate_hz>124.9</rrp:sensor_rate_hz>
        </extensions>
      </trkpt>
      <trkpt lat="30.6521048" lon="76.6911732">
        <time>2026-07-24T09:24:17.164Z</time>
        <hdop>99.00</hdop>
        <extensions>
          <gpxtpx:TrackPointExtension>
            <gpxtpx:speed>6.91</gpxtpx:speed>
            <gpxtpx:atemp>0.0</gpxtpx:atemp>
          </gpxtpx:TrackPointExtension>
          <rrp:iri>1.202</rrp:iri>
          <rrp:raw_iri>0.000</rrp:raw_iri>
          <rrp:iri_class>A</rrp:iri_class>
          <rrp:quality>1.000</rrp:quality>
          <rrp:satellites>63</rrp:satellites>
          <rrp:speed_kmh>24.9</rrp:speed_kmh>
          <rrp:accuracy_m>1.1</rrp:accuracy_m>
          <rrp:accel_x>0.000000</rrp:accel_x>
          <rrp:accel_y>0.000000</rrp:accel_y>
          <rrp:accel_z>11.587936</rrp:accel_z>
          <rrp:gyro_x>0.000000</rrp:gyro_x>
          <rrp:gyro_y>0.000000</rrp:gyro_y>
          <rrp:gyro_z>0.000000</rrp:gyro_z>
          <rrp:sensor_rate_hz>125.0</rrp:sensor_rate_hz>
        </extensions>
      </trkpt>
      <trkpt lat="30.6522065" lon="76.6910838">
        <time>2026-07-24T09:24:19.204Z</time>
        <hdop>99.00</hdop>
        <extensions>
          <gpxtpx:TrackPointExtension>
            <gpxtpx:speed>7.04</gpxtpx:speed>
            <gpxtpx:atemp>0.0</gpxtpx:atemp>
          </gpxtpx:TrackPointExtension>
          <rrp:iri>1.169</rrp:iri>
          <rrp:raw_iri>0.000</rrp:raw_iri>
          <rrp:iri_class>A</rrp:iri_class>
          <rrp:quality>1.000</rrp:quality>
          <rrp:satellites>62</rrp:satellites>
          <rrp:speed_kmh>25.3</rrp:speed_kmh>
          <rrp:accuracy_m>1.2</rrp:accuracy_m>
          <rrp:accel_x>0.000000</rrp:accel_x>
          <rrp:accel_y>0.000000</rrp:accel_y>
          <rrp:accel_z>12.210428</rrp:accel_z>
          <rrp:gyro_x>0.000000</rrp:gyro_x>
          <rrp:gyro_y>0.000000</rrp:gyro_y>
          <rrp:gyro_z>0.000000</rrp:gyro_z>
          <rrp:sensor_rate_hz>124.9</rrp:sensor_rate_hz>
        </extensions>
      </trkpt>
      <trkpt lat="30.6523153" lon="76.6909978">
        <time>2026-07-24T09:24:21.199Z</time>
        <hdop>99.00</hdop>
        <extensions>
          <gpxtpx:TrackPointExtension>
            <gpxtpx:speed>7.11</gpxtpx:speed>
            <gpxtpx:atemp>0.0</gpxtpx:atemp>
          </gpxtpx:TrackPointExtension>
          <rrp:iri>1.302</rrp:iri>
          <rrp:raw_iri>0.000</rrp:raw_iri>
          <rrp:iri_class>A</rrp:iri_class>
          <rrp:quality>1.000</rrp:quality>
          <rrp:satellites>64</rrp:satellites>
          <rrp:speed_kmh>25.6</rrp:speed_kmh>
          <rrp:accuracy_m>1.3</rrp:accuracy_m>
          <rrp:accel_x>0.000000</rrp:accel_x>
          <rrp:accel_y>0.000000</rrp:accel_y>
          <rrp:accel_z>12.234370</rrp:accel_z>
          <rrp:gyro_x>0.000000</rrp:gyro_x>
          <rrp:gyro_y>0.000000</rrp:gyro_y>
          <rrp:gyro_z>0.000000</rrp:gyro_z>
          <rrp:sensor_rate_hz>125.0</rrp:sensor_rate_hz>
        </extensions>
      </trkpt>
      <trkpt lat="30.6524179" lon="76.6909098">
        <time>2026-07-24T09:24:23.187Z</time>
        <hdop>99.00</hdop>
        <extensions>
          <gpxtpx:TrackPointExtension>
            <gpxtpx:speed>7.11</gpxtpx:speed>
            <gpxtpx:atemp>0.0</gpxtpx:atemp>
          </gpxtpx:TrackPointExtension>
          <rrp:iri>1.312</rrp:iri>
          <rrp:raw_iri>0.000</rrp:raw_iri>
          <rrp:iri_class>A</rrp:iri_class>
          <rrp:quality>1.000</rrp:quality>
          <rrp:satellites>66</rrp:satellites>
          <rrp:speed_kmh>25.6</rrp:speed_kmh>
          <rrp:accuracy_m>1.3</rrp:accuracy_m>
          <rrp:accel_x>0.000000</rrp:accel_x>
          <rrp:accel_y>0.000000</rrp:accel_y>
          <rrp:accel_z>11.484985</rrp:accel_z>
          <rrp:gyro_x>0.000000</rrp:gyro_x>
          <rrp:gyro_y>0.000000</rrp:gyro_y>
          <rrp:gyro_z>0.000000</rrp:gyro_z>
          <rrp:sensor_rate_hz>124.9</rrp:sensor_rate_hz>
        </extensions>
      </trkpt>
      <trkpt lat="30.6525173" lon="76.6908292">
        <time>2026-07-24T09:24:25.201Z</time>
        <hdop>99.00</hdop>
        <extensions>
          <gpxtpx:TrackPointExtension>
            <gpxtpx:speed>6.61</gpxtpx:speed>
            <gpxtpx:atemp>0.0</gpxtpx:atemp>
          </gpxtpx:TrackPointExtension>
          <rrp:iri>1.487</rrp:iri>
          <rrp:raw_iri>0.000</rrp:raw_iri>
          <rrp:iri_class>A</rrp:iri_class>
          <rrp:quality>1.000</rrp:quality>
          <rrp:satellites>65</rrp:satellites>
          <rrp:speed_kmh>23.8</rrp:speed_kmh>
          <rrp:accuracy_m>1.4</rrp:accuracy_m>
          <rrp:accel_x>0.000000</rrp:accel_x>
          <rrp:accel_y>0.000000</rrp:accel_y>
          <rrp:accel_z>11.786655</rrp:accel_z>
          <rrp:gyro_x>0.000000</rrp:gyro_x>
          <rrp:gyro_y>0.000000</rrp:gyro_y>
          <rrp:gyro_z>0.000000</rrp:gyro_z>
          <rrp:sensor_rate_hz>124.9</rrp:sensor_rate_hz>
        </extensions>
      </trkpt>
      <trkpt lat="30.6526129" lon="76.6907479">
        <time>2026-07-24T09:24:27.227Z</time>
        <hdop>99.00</hdop>
        <extensions>
          <gpxtpx:TrackPointExtension>
            <gpxtpx:speed>6.56</gpxtpx:speed>
            <gpxtpx:atemp>0.0</gpxtpx:atemp>
          </gpxtpx:TrackPointExtension>
          <rrp:iri>1.487</rrp:iri>
          <rrp:raw_iri>0.000</rrp:raw_iri>
          <rrp:iri_class>A</rrp:iri_class>
          <rrp:quality>1.000</rrp:quality>
          <rrp:satellites>65</rrp:satellites>
          <rrp:speed_kmh>23.6</rrp:speed_kmh>
          <rrp:accuracy_m>1.4</rrp:accuracy_m>
          <rrp:accel_x>0.000000</rrp:accel_x>
          <rrp:accel_y>0.000000</rrp:accel_y>
          <rrp:accel_z>11.982980</rrp:accel_z>
          <rrp:gyro_x>0.000000</rrp:gyro_x>
          <rrp:gyro_y>0.000000</rrp:gyro_y>
          <rrp:gyro_z>0.000000</rrp:gyro_z>
          <rrp:sensor_rate_hz>125.4</rrp:sensor_rate_hz>
        </extensions>
      </trkpt>
      <trkpt lat="30.6527108" lon="76.6906650">
        <time>2026-07-24T09:24:29.204Z</time>
        <hdop>99.00</hdop>
        <extensions>
          <gpxtpx:TrackPointExtension>
            <gpxtpx:speed>6.70</gpxtpx:speed>
            <gpxtpx:atemp>0.0</gpxtpx:atemp>
          </gpxtpx:TrackPointExtension>
          <rrp:iri>1.370</rrp:iri>
          <rrp:raw_iri>0.000</rrp:raw_iri>
          <rrp:iri_class>A</rrp:iri_class>
          <rrp:quality>1.000</rrp:quality>
          <rrp:satellites>65</rrp:satellites>
          <rrp:speed_kmh>24.1</rrp:speed_kmh>
          <rrp:accuracy_m>1.4</rrp:accuracy_m>
          <rrp:accel_x>0.000000</rrp:accel_x>
          <rrp:accel_y>0.000000</rrp:accel_y>
          <rrp:accel_z>11.408371</rrp:accel_z>
          <rrp:gyro_x>0.000000</rrp:gyro_x>
          <rrp:gyro_y>0.000000</rrp:gyro_y>
          <rrp:gyro_z>0.000000</rrp:gyro_z>
          <rrp:sensor_rate_hz>124.9</rrp:sensor_rate_hz>
        </extensions>
      </trkpt>
      <trkpt lat="30.6528117" lon="76.6905842">
        <time>2026-07-24T09:24:31.211Z</time>
        <hdop>99.00</hdop>
        <extensions>
          <gpxtpx:TrackPointExtension>
            <gpxtpx:speed>6.85</gpxtpx:speed>
            <gpxtpx:atemp>0.0</gpxtpx:atemp>
          </gpxtpx:TrackPointExtension>
          <rrp:iri>1.415</rrp:iri>
          <rrp:raw_iri>0.000</rrp:raw_iri>
          <rrp:iri_class>A</rrp:iri_class>
          <rrp:quality>1.000</rrp:quality>
          <rrp:satellites>65</rrp:satellites>
          <rrp:speed_kmh>24.7</rrp:speed_kmh>
          <rrp:accuracy_m>1.4</rrp:accuracy_m>
          <rrp:accel_x>0.000000</rrp:accel_x>
          <rrp:accel_y>0.000000</rrp:accel_y>
          <rrp:accel_z>11.860875</rrp:accel_z>
          <rrp:gyro_x>0.000000</rrp:gyro_x>
          <rrp:gyro_y>0.000000</rrp:gyro_y>
          <rrp:gyro_z>0.000000</rrp:gyro_z>
          <rrp:sensor_rate_hz>124.5</rrp:sensor_rate_hz>
        </extensions>
      </trkpt>
      <trkpt lat="30.6529117" lon="76.6904953">
        <time>2026-07-24T09:24:33.196Z</time>
        <hdop>99.00</hdop>
        <extensions>
          <gpxtpx:TrackPointExtension>
            <gpxtpx:speed>7.09</gpxtpx:speed>
            <gpxtpx:atemp>0.0</gpxtpx:atemp>
          </gpxtpx:TrackPointExtension>
          <rrp:iri>1.508</rrp:iri>
          <rrp:raw_iri>0.000</rrp:raw_iri>
          <rrp:iri_class>A</rrp:iri_class>
          <rrp:quality>1.000</rrp:quality>
          <rrp:satellites>62</rrp:satellites>
          <rrp:speed_kmh>25.5</rrp:speed_kmh>
          <rrp:accuracy_m>1.4</rrp:accuracy_m>
          <rrp:accel_x>0.000000</rrp:accel_x>
          <rrp:accel_y>0.000000</rrp:accel_y>
          <rrp:accel_z>11.767501</rrp:accel_z>
          <rrp:gyro_x>0.000000</rrp:gyro_x>
          <rrp:gyro_y>0.000000</rrp:gyro_y>
          <rrp:gyro_z>0.000000</rrp:gyro_z>
          <rrp:sensor_rate_hz>125.0</rrp:sensor_rate_hz>
        </extensions>
      </trkpt>
      <trkpt lat="30.6530144" lon="76.6904042">
        <time>2026-07-24T09:24:35.183Z</time>
        <hdop>99.00</hdop>
        <extensions>
          <gpxtpx:TrackPointExtension>
            <gpxtpx:speed>7.28</gpxtpx:speed>
            <gpxtpx:atemp>0.0</gpxtpx:atemp>
          </gpxtpx:TrackPointExtension>
          <rrp:iri>1.459</rrp:iri>
          <rrp:raw_iri>0.000</rrp:raw_iri>
          <rrp:iri_class>A</rrp:iri_class>
          <rrp:quality>1.000</rrp:quality>
          <rrp:satellites>62</rrp:satellites>
          <rrp:speed_kmh>26.2</rrp:speed_kmh>
          <rrp:accuracy_m>1.3</rrp:accuracy_m>
          <rrp:accel_x>0.000000</rrp:accel_x>
          <rrp:accel_y>0.000000</rrp:accel_y>
          <rrp:accel_z>13.623008</rrp:accel_z>
          <rrp:gyro_x>0.000000</rrp:gyro_x>
          <rrp:gyro_y>0.000000</rrp:gyro_y>
          <rrp:gyro_z>0.000000</rrp:gyro_z>
          <rrp:sensor_rate_hz>124.9</rrp:sensor_rate_hz>
        </extensions>
      </trkpt>
      <trkpt lat="30.6531185" lon="76.6903055">
        <time>2026-07-24T09:24:37.247Z</time>
        <hdop>99.00</hdop>
        <extensions>
          <gpxtpx:TrackPointExtension>
            <gpxtpx:speed>7.23</gpxtpx:speed>
            <gpxtpx:atemp>0.0</gpxtpx:atemp>
          </gpxtpx:TrackPointExtension>
          <rrp:iri>2.024</rrp:iri>
          <rrp:raw_iri>0.000</rrp:raw_iri>
          <rrp:iri_class>B</rrp:iri_class>
          <rrp:quality>1.000</rrp:quality>
          <rrp:satellites>69</rrp:satellites>
          <rrp:speed_kmh>26.0</rrp:speed_kmh>
          <rrp:accuracy_m>1.1</rrp:accuracy_m>
          <rrp:accel_x>0.000000</rrp:accel_x>
          <rrp:accel_y>0.000000</rrp:accel_y>
          <rrp:accel_z>14.444219</rrp:accel_z>
          <rrp:gyro_x>0.000000</rrp:gyro_x>
          <rrp:gyro_y>0.000000</rrp:gyro_y>
          <rrp:gyro_z>0.000000</rrp:gyro_z>
          <rrp:sensor_rate_hz>124.9</rrp:sensor_rate_hz>
        </extensions>
      </trkpt>
      <trkpt lat="30.6532236" lon="76.6902180">
        <time>2026-07-24T09:24:39.220Z</time>
        <hdop>99.00</hdop>
        <extensions>
          <gpxtpx:TrackPointExtension>
            <gpxtpx:speed>6.92</gpxtpx:speed>
            <gpxtpx:atemp>0.0</gpxtpx:atemp>
          </gpxtpx:TrackPointExtension>
          <rrp:iri>2.106</rrp:iri>
          <rrp:raw_iri>0.000</rrp:raw_iri>
          <rrp:iri_class>B</rrp:iri_class>
          <rrp:quality>1.000</rrp:quality>
          <rrp:satellites>69</rrp:satellites>
          <rrp:speed_kmh>24.9</rrp:speed_kmh>
          <rrp:accuracy_m>1.1</rrp:accuracy_m>
          <rrp:accel_x>0.000000</rrp:accel_x>
          <rrp:accel_y>0.000000</rrp:accel_y>
          <rrp:accel_z>15.332468</rrp:accel_z>
          <rrp:gyro_x>0.000000</rrp:gyro_x>
          <rrp:gyro_y>0.000000</rrp:gyro_y>
          <rrp:gyro_z>0.000000</rrp:gyro_z>
          <rrp:sensor_rate_hz>125.0</rrp:sensor_rate_hz>
        </extensions>
      </trkpt>
      <trkpt lat="30.6533276" lon="76.6901397">
        <time>2026-07-24T09:24:41.252Z</time>
        <hdop>99.00</hdop>
        <extensions>
          <gpxtpx:TrackPointExtension>
            <gpxtpx:speed>6.84</gpxtpx:speed>
            <gpxtpx:atemp>0.0</gpxtpx:atemp>
          </gpxtpx:TrackPointExtension>
          <rrp:iri>4.711</rrp:iri>
          <rrp:raw_iri>0.000</rrp:raw_iri>
          <rrp:iri_class>C</rrp:iri_class>
          <rrp:quality>1.000</rrp:quality>
          <rrp:satellites>69</rrp:satellites>
          <rrp:speed_kmh>24.6</rrp:speed_kmh>
          <rrp:accuracy_m>1.0</rrp:accuracy_m>
          <rrp:accel_x>0.000000</rrp:accel_x>
          <rrp:accel_y>0.000000</rrp:accel_y>
          <rrp:accel_z>31.038431</rrp:accel_z>
          <rrp:gyro_x>0.000000</rrp:gyro_x>
          <rrp:gyro_y>0.000000</rrp:gyro_y>
          <rrp:gyro_z>0.000000</rrp:gyro_z>
          <rrp:sensor_rate_hz>125.4</rrp:sensor_rate_hz>
        </extensions>
      </trkpt>
      <trkpt lat="30.6534296" lon="76.6900563">
        <time>2026-07-24T09:24:43.244Z</time>
        <hdop>99.00</hdop>
        <extensions>
          <gpxtpx:TrackPointExtension>
            <gpxtpx:speed>6.73</gpxtpx:speed>
            <gpxtpx:atemp>0.0</gpxtpx:atemp>
          </gpxtpx:TrackPointExtension>
          <rrp:iri>5.320</rrp:iri>
          <rrp:raw_iri>0.000</rrp:raw_iri>
          <rrp:iri_class>C</rrp:iri_class>
          <rrp:quality>0.500</rrp:quality>
          <rrp:satellites>69</rrp:satellites>
          <rrp:speed_kmh>24.2</rrp:speed_kmh>
          <rrp:accuracy_m>1.0</rrp:accuracy_m>
          <rrp:accel_x>0.000000</rrp:accel_x>
          <rrp:accel_y>0.000000</rrp:accel_y>
          <rrp:accel_z>17.401058</rrp:accel_z>
          <rrp:gyro_x>0.000000</rrp:gyro_x>
          <rrp:gyro_y>0.000000</rrp:gyro_y>
          <rrp:gyro_z>0.000000</rrp:gyro_z>
          <rrp:sensor_rate_hz>124.9</rrp:sensor_rate_hz>
        </extensions>
      </trkpt>
      <trkpt lat="30.6535203" lon="76.6899801">
        <time>2026-07-24T09:24:45.210Z</time>
        <hdop>99.00</hdop>
        <extensions>
          <gpxtpx:TrackPointExtension>
            <gpxtpx:speed>6.65</gpxtpx:speed>
            <gpxtpx:atemp>0.0</gpxtpx:atemp>
          </gpxtpx:TrackPointExtension>
          <rrp:iri>2.844</rrp:iri>
          <rrp:raw_iri>0.000</rrp:raw_iri>
          <rrp:iri_class>B</rrp:iri_class>
          <rrp:quality>0.500</rrp:quality>
          <rrp:satellites>69</rrp:satellites>
          <rrp:speed_kmh>23.9</rrp:speed_kmh>
          <rrp:accuracy_m>1.0</rrp:accuracy_m>
          <rrp:accel_x>0.000000</rrp:accel_x>
          <rrp:accel_y>0.000000</rrp:accel_y>
          <rrp:accel_z>16.225506</rrp:accel_z>
          <rrp:gyro_x>0.000000</rrp:gyro_x>
          <rrp:gyro_y>0.000000</rrp:gyro_y>
          <rrp:gyro_z>0.000000</rrp:gyro_z>
          <rrp:sensor_rate_hz>124.9</rrp:sensor_rate_hz>
        </extensions>
      </trkpt>
      <trkpt lat="30.6536193" lon="76.6898905">
        <time>2026-07-24T09:24:47.257Z</time>
        <hdop>99.00</hdop>
        <extensions>
          <gpxtpx:TrackPointExtension>
            <gpxtpx:speed>6.75</gpxtpx:speed>
            <gpxtpx:atemp>0.0</gpxtpx:atemp>
          </gpxtpx:TrackPointExtension>
          <rrp:iri>3.857</rrp:iri>
          <rrp:raw_iri>0.000</rrp:raw_iri>
          <rrp:iri_class>B</rrp:iri_class>
          <rrp:quality>0.500</rrp:quality>
          <rrp:satellites>69</rrp:satellites>
          <rrp:speed_kmh>24.3</rrp:speed_kmh>
          <rrp:accuracy_m>1.0</rrp:accuracy_m>
          <rrp:accel_x>0.000000</rrp:accel_x>
          <rrp:accel_y>0.000000</rrp:accel_y>
          <rrp:accel_z>15.835250</rrp:accel_z>
          <rrp:gyro_x>0.000000</rrp:gyro_x>
          <rrp:gyro_y>0.000000</rrp:gyro_y>
          <rrp:gyro_z>0.000000</rrp:gyro_z>
          <rrp:sensor_rate_hz>124.9</rrp:sensor_rate_hz>
        </extensions>
      </trkpt>
      <trkpt lat="30.6537100" lon="76.6898042">
        <time>2026-07-24T09:24:49.230Z</time>
        <hdop>99.00</hdop>
        <extensions>
          <gpxtpx:TrackPointExtension>
            <gpxtpx:speed>6.80</gpxtpx:speed>
            <gpxtpx:atemp>0.0</gpxtpx:atemp>
          </gpxtpx:TrackPointExtension>
          <rrp:iri>4.512</rrp:iri>
          <rrp:raw_iri>0.000</rrp:raw_iri>
          <rrp:iri_class>C</rrp:iri_class>
          <rrp:quality>0.500</rrp:quality>
          <rrp:satellites>67</rrp:satellites>
          <rrp:speed_kmh>24.5</rrp:speed_kmh>
          <rrp:accuracy_m>1.0</rrp:accuracy_m>
          <rrp:accel_x>0.000000</rrp:accel_x>
          <rrp:accel_y>0.000000</rrp:accel_y>
          <rrp:accel_z>22.665907</rrp:accel_z>
          <rrp:gyro_x>0.000000</rrp:gyro_x>
          <rrp:gyro_y>0.000000</rrp:gyro_y>
          <rrp:gyro_z>0.000000</rrp:gyro_z>
          <rrp:sensor_rate_hz>124.9</rrp:sensor_rate_hz>
        </extensions>
      </trkpt>
      <trkpt lat="30.6538147" lon="76.6897208">
        <time>2026-07-24T09:24:51.204Z</time>
        <hdop>99.00</hdop>
        <extensions>
          <gpxtpx:TrackPointExtension>
            <gpxtpx:speed>7.12</gpxtpx:speed>
            <gpxtpx:atemp>0.0</gpxtpx:atemp>
          </gpxtpx:TrackPointExtension>
          <rrp:iri>3.170</rrp:iri>
          <rrp:raw_iri>0.000</rrp:raw_iri>
          <rrp:iri_class>B</rrp:iri_class>
          <rrp:quality>0.500</rrp:quality>
          <rrp:satellites>67</rrp:satellites>
          <rrp:speed_kmh>25.6</rrp:speed_kmh>
          <rrp:accuracy_m>1.0</rrp:accuracy_m>
          <rrp:accel_x>0.000000</rrp:accel_x>
          <rrp:accel_y>0.000000</rrp:accel_y>
          <rrp:accel_z>11.291056</rrp:accel_z>
          <rrp:gyro_x>0.000000</rrp:gyro_x>
          <rrp:gyro_y>0.000000</rrp:gyro_y>
          <rrp:gyro_z>0.000000</rrp:gyro_z>
          <rrp:sensor_rate_hz>125.0</rrp:sensor_rate_hz>
        </extensions>
      </trkpt>
      <trkpt lat="30.6539249" lon="76.6896310">
        <time>2026-07-24T09:24:53.190Z</time>
        <hdop>99.00</hdop>
        <extensions>
          <gpxtpx:TrackPointExtension>
            <gpxtpx:speed>7.46</gpxtpx:speed>
            <gpxtpx:atemp>0.0</gpxtpx:atemp>
          </gpxtpx:TrackPointExtension>
          <rrp:iri>1.822</rrp:iri>
          <rrp:raw_iri>0.000</rrp:raw_iri>
          <rrp:iri_class>A</rrp:iri_class>
          <rrp:quality>1.000</rrp:quality>
          <rrp:satellites>66</rrp:satellites>
          <rrp:speed_kmh>26.9</rrp:speed_kmh>
          <rrp:accuracy_m>1.0</rrp:accuracy_m>
          <rrp:accel_x>0.000000</rrp:accel_x>
          <rrp:accel_y>0.000000</rrp:accel_y>
          <rrp:accel_z>15.349227</rrp:accel_z>
          <rrp:gyro_x>0.000000</rrp:gyro_x>
          <rrp:gyro_y>0.000000</rrp:gyro_y>
          <rrp:gyro_z>0.000000</rrp:gyro_z>
          <rrp:sensor_rate_hz>125.4</rrp:sensor_rate_hz>
        </extensions>
      </trkpt>
      <trkpt lat="30.6540357" lon="76.6895334">
        <time>2026-07-24T09:24:55.248Z</time>
        <hdop>99.00</hdop>
        <extensions>
          <gpxtpx:TrackPointExtension>
            <gpxtpx:speed>7.54</gpxtpx:speed>
            <gpxtpx:atemp>0.0</gpxtpx:atemp>
          </gpxtpx:TrackPointExtension>
          <rrp:iri>3.455</rrp:iri>
          <rrp:raw_iri>0.000</rrp:raw_iri>
          <rrp:iri_class>B</rrp:iri_class>
          <rrp:quality>1.000</rrp:quality>
          <rrp:satellites>68</rrp:satellites>
          <rrp:speed_kmh>27.1</rrp:speed_kmh>
          <rrp:accuracy_m>1.0</rrp:accuracy_m>
          <rrp:accel_x>0.000000</rrp:accel_x>
          <rrp:accel_y>0.000000</rrp:accel_y>
          <rrp:accel_z>24.550144</rrp:accel_z>
          <rrp:gyro_x>0.000000</rrp:gyro_x>
          <rrp:gyro_y>0.000000</rrp:gyro_y>
          <rrp:gyro_z>0.000000</rrp:gyro_z>
          <rrp:sensor_rate_hz>124.9</rrp:sensor_rate_hz>
        </extensions>
      </trkpt>
      <trkpt lat="30.6541412" lon="76.6894348">
        <time>2026-07-24T09:24:57.231Z</time>
        <hdop>99.00</hdop>
        <extensions>
          <gpxtpx:TrackPointExtension>
            <gpxtpx:speed>7.45</gpxtpx:speed>
            <gpxtpx:atemp>0.0</gpxtpx:atemp>
          </gpxtpx:TrackPointExtension>
          <rrp:iri>3.725</rrp:iri>
          <rrp:raw_iri>0.000</rrp:raw_iri>
          <rrp:iri_class>B</rrp:iri_class>
          <rrp:quality>1.000</rrp:quality>
          <rrp:satellites>68</rrp:satellites>
          <rrp:speed_kmh>26.8</rrp:speed_kmh>
          <rrp:accuracy_m>1.0</rrp:accuracy_m>
          <rrp:accel_x>0.000000</rrp:accel_x>
          <rrp:accel_y>0.000000</rrp:accel_y>
          <rrp:accel_z>16.474503</rrp:accel_z>
          <rrp:gyro_x>0.000000</rrp:gyro_x>
          <rrp:gyro_y>0.000000</rrp:gyro_y>
          <rrp:gyro_z>0.000000</rrp:gyro_z>
          <rrp:sensor_rate_hz>124.9</rrp:sensor_rate_hz>
        </extensions>
      </trkpt>
      <trkpt lat="30.6542510" lon="76.6893505">
        <time>2026-07-24T09:24:59.222Z</time>
        <hdop>99.00</hdop>
        <extensions>
          <gpxtpx:TrackPointExtension>
            <gpxtpx:speed>7.31</gpxtpx:speed>
            <gpxtpx:atemp>0.0</gpxtpx:atemp>
          </gpxtpx:TrackPointExtension>
          <rrp:iri>3.090</rrp:iri>
          <rrp:raw_iri>0.000</rrp:raw_iri>
          <rrp:iri_class>B</rrp:iri_class>
          <rrp:quality>1.000</rrp:quality>
          <rrp:satellites>67</rrp:satellites>
          <rrp:speed_kmh>26.3</rrp:speed_kmh>
          <rrp:accuracy_m>1.0</rrp:accuracy_m>
          <rrp:accel_x>0.000000</rrp:accel_x>
          <rrp:accel_y>0.000000</rrp:accel_y>
          <rrp:accel_z>15.863980</rrp:accel_z>
          <rrp:gyro_x>0.000000</rrp:gyro_x>
          <rrp:gyro_y>0.000000</rrp:gyro_y>
          <rrp:gyro_z>0.000000</rrp:gyro_z>
          <rrp:sensor_rate_hz>124.9</rrp:sensor_rate_hz>
        </extensions>
      </trkpt>
      <trkpt lat="30.6543631" lon="76.6892663">
        <time>2026-07-24T09:25:01.238Z</time>
        <hdop>99.00</hdop>
        <extensions>
          <gpxtpx:TrackPointExtension>
            <gpxtpx:speed>7.38</gpxtpx:speed>
            <gpxtpx:atemp>0.0</gpxtpx:atemp>
          </gpxtpx:TrackPointExtension>
          <rrp:iri>1.867</rrp:iri>
          <rrp:raw_iri>0.000</rrp:raw_iri>
          <rrp:iri_class>A</rrp:iri_class>
          <rrp:quality>1.000</rrp:quality>
          <rrp:satellites>67</rrp:satellites>
          <rrp:speed_kmh>26.6</rrp:speed_kmh>
          <rrp:accuracy_m>1.0</rrp:accuracy_m>
          <rrp:accel_x>0.000000</rrp:accel_x>
          <rrp:accel_y>0.000000</rrp:accel_y>
          <rrp:accel_z>11.968615</rrp:accel_z>
          <rrp:gyro_x>0.000000</rrp:gyro_x>
          <rrp:gyro_y>0.000000</rrp:gyro_y>
          <rrp:gyro_z>0.000000</rrp:gyro_z>
          <rrp:sensor_rate_hz>124.9</rrp:sensor_rate_hz>
        </extensions>
      </trkpt>
      <trkpt lat="30.6544733" lon="76.6891747">
        <time>2026-07-24T09:25:03.215Z</time>
        <hdop>99.00</hdop>
        <extensions>
          <gpxtpx:TrackPointExtension>
            <gpxtpx:speed>7.52</gpxtpx:speed>
            <gpxtpx:atemp>0.0</gpxtpx:atemp>
          </gpxtpx:TrackPointExtension>
          <rrp:iri>1.334</rrp:iri>
          <rrp:raw_iri>0.000</rrp:raw_iri>
          <rrp:iri_class>A</rrp:iri_class>
          <rrp:quality>1.000</rrp:quality>
          <rrp:satellites>66</rrp:satellites>
          <rrp:speed_kmh>27.1</rrp:speed_kmh>
          <rrp:accuracy_m>1.0</rrp:accuracy_m>
          <rrp:accel_x>0.000000</rrp:accel_x>
          <rrp:accel_y>0.000000</rrp:accel_y>
          <rrp:accel_z>11.238382</rrp:accel_z>
          <rrp:gyro_x>0.000000</rrp:gyro_x>
          <rrp:gyro_y>0.000000</rrp:gyro_y>
          <rrp:gyro_z>0.000000</rrp:gyro_z>
          <rrp:sensor_rate_hz>124.9</rrp:sensor_rate_hz>
        </extensions>
      </trkpt>
      <trkpt lat="30.6545823" lon="76.6890819">
        <time>2026-07-24T09:25:05.181Z</time>
        <hdop>99.00</hdop>
        <extensions>
          <gpxtpx:TrackPointExtension>
            <gpxtpx:speed>7.71</gpxtpx:speed>
            <gpxtpx:atemp>0.0</gpxtpx:atemp>
          </gpxtpx:TrackPointExtension>
          <rrp:iri>1.323</rrp:iri>
          <rrp:raw_iri>0.000</rrp:raw_iri>
          <rrp:iri_class>A</rrp:iri_class>
          <rrp:quality>1.000</rrp:quality>
          <rrp:satellites>64</rrp:satellites>
          <rrp:speed_kmh>27.8</rrp:speed_kmh>
          <rrp:accuracy_m>1.0</rrp:accuracy_m>
          <rrp:accel_x>0.000000</rrp:accel_x>
          <rrp:accel_y>0.000000</rrp:accel_y>
          <rrp:accel_z>11.695675</rrp:accel_z>
          <rrp:gyro_x>0.000000</rrp:gyro_x>
          <rrp:gyro_y>0.000000</rrp:gyro_y>
          <rrp:gyro_z>0.000000</rrp:gyro_z>
          <rrp:sensor_rate_hz>124.9</rrp:sensor_rate_hz>
        </extensions>
      </trkpt>
      <trkpt lat="30.6547020" lon="76.6889846">
        <time>2026-07-24T09:25:07.214Z</time>
        <hdop>99.00</hdop>
        <extensions>
          <gpxtpx:TrackPointExtension>
            <gpxtpx:speed>7.75</gpxtpx:speed>
            <gpxtpx:atemp>0.0</gpxtpx:atemp>
          </gpxtpx:TrackPointExtension>
          <rrp:iri>1.546</rrp:iri>
          <rrp:raw_iri>0.000</rrp:raw_iri>
          <rrp:iri_class>A</rrp:iri_class>
          <rrp:quality>1.000</rrp:quality>
          <rrp:satellites>68</rrp:satellites>
          <rrp:speed_kmh>27.9</rrp:speed_kmh>
          <rrp:accuracy_m>1.0</rrp:accuracy_m>
          <rrp:accel_x>0.000000</rrp:accel_x>
          <rrp:accel_y>0.000000</rrp:accel_y>
          <rrp:accel_z>25.263617</rrp:accel_z>
          <rrp:gyro_x>0.000000</rrp:gyro_x>
          <rrp:gyro_y>0.000000</rrp:gyro_y>
          <rrp:gyro_z>0.000000</rrp:gyro_z>
          <rrp:sensor_rate_hz>124.8</rrp:sensor_rate_hz>
        </extensions>
      </trkpt>
      <trkpt lat="30.6548193" lon="76.6888778">
        <time>2026-07-24T09:25:09.272Z</time>
        <hdop>99.00</hdop>
        <extensions>
          <gpxtpx:TrackPointExtension>
            <gpxtpx:speed>7.91</gpxtpx:speed>
            <gpxtpx:atemp>0.0</gpxtpx:atemp>
          </gpxtpx:TrackPointExtension>
          <rrp:iri>4.195</rrp:iri>
          <rrp:raw_iri>0.000</rrp:raw_iri>
          <rrp:iri_class>C</rrp:iri_class>
          <rrp:quality>1.000</rrp:quality>
          <rrp:satellites>68</rrp:satellites>
          <rrp:speed_kmh>28.5</rrp:speed_kmh>
          <rrp:accuracy_m>1.0</rrp:accuracy_m>
          <rrp:accel_x>0.000000</rrp:accel_x>
          <rrp:accel_y>0.000000</rrp:accel_y>
          <rrp:accel_z>25.048138</rrp:accel_z>
          <rrp:gyro_x>0.000000</rrp:gyro_x>
          <rrp:gyro_y>0.000000</rrp:gyro_y>
          <rrp:gyro_z>0.000000</rrp:gyro_z>
          <rrp:sensor_rate_hz>124.9</rrp:sensor_rate_hz>
        </extensions>
      </trkpt>
      <trkpt lat="30.6549388" lon="76.6887771">
        <time>2026-07-24T09:25:11.258Z</time>
        <hdop>99.00</hdop>
        <extensions>
          <gpxtpx:TrackPointExtension>
            <gpxtpx:speed>8.00</gpxtpx:speed>
            <gpxtpx:atemp>0.0</gpxtpx:atemp>
          </gpxtpx:TrackPointExtension>
          <rrp:iri>2.700</rrp:iri>
          <rrp:raw_iri>0.000</rrp:raw_iri>
          <rrp:iri_class>B</rrp:iri_class>
          <rrp:quality>1.000</rrp:quality>
          <rrp:satellites>68</rrp:satellites>
          <rrp:speed_kmh>28.8</rrp:speed_kmh>
          <rrp:accuracy_m>1.0</rrp:accuracy_m>
          <rrp:accel_x>0.000000</rrp:accel_x>
          <rrp:accel_y>0.000000</rrp:accel_y>
          <rrp:accel_z>17.116148</rrp:accel_z>
          <rrp:gyro_x>0.000000</rrp:gyro_x>
          <rrp:gyro_y>0.000000</rrp:gyro_y>
          <rrp:gyro_z>0.000000</rrp:gyro_z>
          <rrp:sensor_rate_hz>125.0</rrp:sensor_rate_hz>
        </extensions>
      </trkpt>
      <trkpt lat="30.6550482" lon="76.6886722">
        <time>2026-07-24T09:25:13.200Z</time>
        <hdop>99.00</hdop>
        <extensions>
          <gpxtpx:TrackPointExtension>
            <gpxtpx:speed>8.24</gpxtpx:speed>
            <gpxtpx:atemp>0.0</gpxtpx:atemp>
          </gpxtpx:TrackPointExtension>
          <rrp:iri>3.001</rrp:iri>
          <rrp:raw_iri>0.000</rrp:raw_iri>
          <rrp:iri_class>B</rrp:iri_class>
          <rrp:quality>1.000</rrp:quality>
          <rrp:satellites>67</rrp:satellites>
          <rrp:speed_kmh>29.7</rrp:speed_kmh>
          <rrp:accuracy_m>1.0</rrp:accuracy_m>
          <rrp:accel_x>0.000000</rrp:accel_x>
          <rrp:accel_y>0.000000</rrp:accel_y>
          <rrp:accel_z>16.491261</rrp:accel_z>
          <rrp:gyro_x>0.000000</rrp:gyro_x>
          <rrp:gyro_y>0.000000</rrp:gyro_y>
          <rrp:gyro_z>0.000000</rrp:gyro_z>
          <rrp:sensor_rate_hz>124.9</rrp:sensor_rate_hz>
        </extensions>
      </trkpt>
      <trkpt lat="30.6551643" lon="76.6885623">
        <time>2026-07-24T09:25:15.185Z</time>
        <hdop>99.00</hdop>
        <extensions>
          <gpxtpx:TrackPointExtension>
            <gpxtpx:speed>8.44</gpxtpx:speed>
            <gpxtpx:atemp>0.0</gpxtpx:atemp>
          </gpxtpx:TrackPointExtension>
          <rrp:iri>1.332</rrp:iri>
          <rrp:raw_iri>0.000</rrp:raw_iri>
          <rrp:iri_class>A</rrp:iri_class>
          <rrp:quality>1.000</rrp:quality>
          <rrp:satellites>67</rrp:satellites>
          <rrp:speed_kmh>30.4</rrp:speed_kmh>
          <rrp:accuracy_m>1.0</rrp:accuracy_m>
          <rrp:accel_x>0.000000</rrp:accel_x>
          <rrp:accel_y>0.000000</rrp:accel_y>
          <rrp:accel_z>11.971008</rrp:accel_z>
          <rrp:gyro_x>0.000000</rrp:gyro_x>
          <rrp:gyro_y>0.000000</rrp:gyro_y>
          <rrp:gyro_z>0.000000</rrp:gyro_z>
          <rrp:sensor_rate_hz>125.0</rrp:sensor_rate_hz>
        </extensions>
      </trkpt>
      <trkpt lat="30.6552876" lon="76.6884522">
        <time>2026-07-24T09:25:17.177Z</time>
        <hdop>99.00</hdop>
        <extensions>
          <gpxtpx:TrackPointExtension>
            <gpxtpx:speed>8.54</gpxtpx:speed>
            <gpxtpx:atemp>0.0</gpxtpx:atemp>
          </gpxtpx:TrackPointExtension>
          <rrp:iri>1.524</rrp:iri>
          <rrp:raw_iri>0.000</rrp:raw_iri>
          <rrp:iri_class>A</rrp:iri_class>
          <rrp:quality>1.000</rrp:quality>
          <rrp:satellites>65</rrp:satellites>
          <rrp:speed_kmh>30.7</rrp:speed_kmh>
          <rrp:accuracy_m>1.0</rrp:accuracy_m>
          <rrp:accel_x>0.000000</rrp:accel_x>
          <rrp:accel_y>0.000000</rrp:accel_y>
          <rrp:accel_z>11.815386</rrp:accel_z>
          <rrp:gyro_x>0.000000</rrp:gyro_x>
          <rrp:gyro_y>0.000000</rrp:gyro_y>
          <rrp:gyro_z>0.000000</rrp:gyro_z>
          <rrp:sensor_rate_hz>124.9</rrp:sensor_rate_hz>
        </extensions>
      </trkpt>
      <trkpt lat="30.6554090" lon="76.6883448">
        <time>2026-07-24T09:25:19.202Z</time>
        <hdop>99.00</hdop>
        <extensions>
          <gpxtpx:TrackPointExtension>
            <gpxtpx:speed>8.70</gpxtpx:speed>
            <gpxtpx:atemp>0.0</gpxtpx:atemp>
          </gpxtpx:TrackPointExtension>
          <rrp:iri>1.524</rrp:iri>
          <rrp:raw_iri>0.000</rrp:raw_iri>
          <rrp:iri_class>A</rrp:iri_class>
          <rrp:quality>1.000</rrp:quality>
          <rrp:satellites>66</rrp:satellites>
          <rrp:speed_kmh>31.3</rrp:speed_kmh>
          <rrp:accuracy_m>1.0</rrp:accuracy_m>
          <rrp:accel_x>0.000000</rrp:accel_x>
          <rrp:accel_y>0.000000</rrp:accel_y>
          <rrp:accel_z>11.968615</rrp:accel_z>
          <rrp:gyro_x>0.000000</rrp:gyro_x>
          <rrp:gyro_y>0.000000</rrp:gyro_y>
          <rrp:gyro_z>0.000000</rrp:gyro_z>
          <rrp:sensor_rate_hz>125.0</rrp:sensor_rate_hz>
        </extensions>
      </trkpt>
      <trkpt lat="30.6555400" lon="76.6882425">
        <time>2026-07-24T09:25:21.199Z</time>
        <hdop>99.00</hdop>
        <extensions>
          <gpxtpx:TrackPointExtension>
            <gpxtpx:speed>8.76</gpxtpx:speed>
            <gpxtpx:atemp>0.0</gpxtpx:atemp>
          </gpxtpx:TrackPointExtension>
          <rrp:iri>1.295</rrp:iri>
          <rrp:raw_iri>0.000</rrp:raw_iri>
          <rrp:iri_class>A</rrp:iri_class>
          <rrp:quality>1.000</rrp:quality>
          <rrp:satellites>66</rrp:satellites>
          <rrp:speed_kmh>31.5</rrp:speed_kmh>
          <rrp:accuracy_m>1.0</rrp:accuracy_m>
          <rrp:accel_x>0.000000</rrp:accel_x>
          <rrp:accel_y>0.000000</rrp:accel_y>
          <rrp:accel_z>11.695675</rrp:accel_z>
          <rrp:gyro_x>0.000000</rrp:gyro_x>
          <rrp:gyro_y>0.000000</rrp:gyro_y>
          <rrp:gyro_z>0.000000</rrp:gyro_z>
          <rrp:sensor_rate_hz>124.9</rrp:sensor_rate_hz>
        </extensions>
      </trkpt>
      <trkpt lat="30.6556719" lon="76.6881399">
        <time>2026-07-24T09:25:23.227Z</time>
        <hdop>99.00</hdop>
        <extensions>
          <gpxtpx:TrackPointExtension>
            <gpxtpx:speed>8.79</gpxtpx:speed>
            <gpxtpx:atemp>0.0</gpxtpx:atemp>
          </gpxtpx:TrackPointExtension>
          <rrp:iri>0.883</rrp:iri>
          <rrp:raw_iri>0.000</rrp:raw_iri>
          <rrp:iri_class>A</rrp:iri_class>
          <rrp:quality>1.000</rrp:quality>
          <rrp:satellites>66</rrp:satellites>
          <rrp:speed_kmh>31.6</rrp:speed_kmh>
          <rrp:accuracy_m>1.0</rrp:accuracy_m>
          <rrp:accel_x>0.000000</rrp:accel_x>
          <rrp:accel_y>0.000000</rrp:accel_y>
          <rrp:accel_z>11.338940</rrp:accel_z>
          <rrp:gyro_x>0.000000</rrp:gyro_x>
          <rrp:gyro_y>0.000000</rrp:gyro_y>
          <rrp:gyro_z>0.000000</rrp:gyro_z>
          <rrp:sensor_rate_hz>124.9</rrp:sensor_rate_hz>
        </extensions>
      </trkpt>
      <trkpt lat="30.6558057" lon="76.6880382">
        <time>2026-07-24T09:25:25.234Z</time>
        <hdop>99.00</hdop>
        <extensions>
          <gpxtpx:TrackPointExtension>
            <gpxtpx:speed>8.88</gpxtpx:speed>
            <gpxtpx:atemp>0.0</gpxtpx:atemp>
          </gpxtpx:TrackPointExtension>
          <rrp:iri>1.474</rrp:iri>
          <rrp:raw_iri>0.000</rrp:raw_iri>
          <rrp:iri_class>A</rrp:iri_class>
          <rrp:quality>1.000</rrp:quality>
          <rrp:satellites>66</rrp:satellites>
          <rrp:speed_kmh>32.0</rrp:speed_kmh>
          <rrp:accuracy_m>1.0</rrp:accuracy_m>
          <rrp:accel_x>0.000000</rrp:accel_x>
          <rrp:accel_y>0.000000</rrp:accel_y>
          <rrp:accel_z>12.938266</rrp:accel_z>
          <rrp:gyro_x>0.000000</rrp:gyro_x>
          <rrp:gyro_y>0.000000</rrp:gyro_y>
          <rrp:gyro_z>0.000000</rrp:gyro_z>
          <rrp:sensor_rate_hz>125.0</rrp:sensor_rate_hz>
        </extensions>
      </trkpt>
      <trkpt lat="30.6559413" lon="76.6879252">
        <time>2026-07-24T09:25:27.219Z</time>
        <hdop>99.00</hdop>
        <extensions>
          <gpxtpx:TrackPointExtension>
            <gpxtpx:speed>8.97</gpxtpx:speed>
            <gpxtpx:atemp>0.0</gpxtpx:atemp>
          </gpxtpx:TrackPointExtension>
          <rrp:iri>1.553</rrp:iri>
          <rrp:raw_iri>0.000</rrp:raw_iri>
          <rrp:iri_class>A</rrp:iri_class>
          <rrp:quality>1.000</rrp:quality>
          <rrp:satellites>65</rrp:satellites>
          <rrp:speed_kmh>32.3</rrp:speed_kmh>
          <rrp:accuracy_m>1.0</rrp:accuracy_m>
          <rrp:accel_x>0.000000</rrp:accel_x>
          <rrp:accel_y>0.000000</rrp:accel_y>
          <rrp:accel_z>11.291056</rrp:accel_z>
          <rrp:gyro_x>0.000000</rrp:gyro_x>
          <rrp:gyro_y>0.000000</rrp:gyro_y>
          <rrp:gyro_z>0.000000</rrp:gyro_z>
          <rrp:sensor_rate_hz>124.9</rrp:sensor_rate_hz>
        </extensions>
      </trkpt>
      <trkpt lat="30.6560654" lon="76.6878173">
        <time>2026-07-24T09:25:29.236Z</time>
        <hdop>99.00</hdop>
        <extensions>
          <gpxtpx:TrackPointExtension>
            <gpxtpx:speed>9.05</gpxtpx:speed>
            <gpxtpx:atemp>0.0</gpxtpx:atemp>
          </gpxtpx:TrackPointExtension>
          <rrp:iri>1.294</rrp:iri>
          <rrp:raw_iri>0.000</rrp:raw_iri>
          <rrp:iri_class>A</rrp:iri_class>
          <rrp:quality>1.000</rrp:quality>
          <rrp:satellites>67</rrp:satellites>
          <rrp:speed_kmh>32.6</rrp:speed_kmh>
          <rrp:accuracy_m>1.0</rrp:accuracy_m>
          <rrp:accel_x>0.000000</rrp:accel_x>
          <rrp:accel_y>0.000000</rrp:accel_y>
          <rrp:accel_z>12.485762</rrp:accel_z>
          <rrp:gyro_x>0.000000</rrp:gyro_x>
          <rrp:gyro_y>0.000000</rrp:gyro_y>
          <rrp:gyro_z>0.000000</rrp:gyro_z>
          <rrp:sensor_rate_hz>125.0</rrp:sensor_rate_hz>
        </extensions>
      </trkpt>
      <trkpt lat="30.6561917" lon="76.6877118">
        <time>2026-07-24T09:25:31.206Z</time>
        <hdop>99.00</hdop>
        <extensions>
          <gpxtpx:TrackPointExtension>
            <gpxtpx:speed>8.59</gpxtpx:speed>
            <gpxtpx:atemp>0.0</gpxtpx:atemp>
          </gpxtpx:TrackPointExtension>
          <rrp:iri>1.706</rrp:iri>
          <rrp:raw_iri>0.000</rrp:raw_iri>
          <rrp:iri_class>A</rrp:iri_class>
          <rrp:quality>1.000</rrp:quality>
          <rrp:satellites>65</rrp:satellites>
          <rrp:speed_kmh>30.9</rrp:speed_kmh>
          <rrp:accuracy_m>1.0</rrp:accuracy_m>
          <rrp:accel_x>0.000000</rrp:accel_x>
          <rrp:accel_y>0.000000</rrp:accel_y>
          <rrp:accel_z>14.470555</rrp:accel_z>
          <rrp:gyro_x>0.000000</rrp:gyro_x>
          <rrp:gyro_y>0.000000</rrp:gyro_y>
          <rrp:gyro_z>0.000000</rrp:gyro_z>
          <rrp:sensor_rate_hz>124.9</rrp:sensor_rate_hz>
        </extensions>
      </trkpt>
      <trkpt lat="30.6563032" lon="76.6875993">
        <time>2026-07-24T09:25:33.202Z</time>
        <hdop>99.00</hdop>
        <extensions>
          <gpxtpx:TrackPointExtension>
            <gpxtpx:speed>8.17</gpxtpx:speed>
            <gpxtpx:atemp>0.0</gpxtpx:atemp>
          </gpxtpx:TrackPointExtension>
          <rrp:iri>0.694</rrp:iri>
          <rrp:raw_iri>0.000</rrp:raw_iri>
          <rrp:iri_class>A</rrp:iri_class>
          <rrp:quality>1.000</rrp:quality>
          <rrp:satellites>59</rrp:satellites>
          <rrp:speed_kmh>29.4</rrp:speed_kmh>
          <rrp:accuracy_m>1.1</rrp:accuracy_m>
          <rrp:accel_x>0.000000</rrp:accel_x>
          <rrp:accel_y>0.000000</rrp:accel_y>
          <rrp:accel_z>11.372458</rrp:accel_z>
          <rrp:gyro_x>0.000000</rrp:gyro_x>
          <rrp:gyro_y>0.000000</rrp:gyro_y>
          <rrp:gyro_z>0.000000</rrp:gyro_z>
          <rrp:sensor_rate_hz>124.9</rrp:sensor_rate_hz>
        </extensions>
      </trkpt>
      <trkpt lat="30.6564272" lon="76.6875000">
        <time>2026-07-24T09:25:35.195Z</time>
        <hdop>99.00</hdop>
        <extensions>
          <gpxtpx:TrackPointExtension>
            <gpxtpx:speed>8.37</gpxtpx:speed>
            <gpxtpx:atemp>0.0</gpxtpx:atemp>
          </gpxtpx:TrackPointExtension>
          <rrp:iri>1.509</rrp:iri>
          <rrp:raw_iri>0.000</rrp:raw_iri>
          <rrp:iri_class>A</rrp:iri_class>
          <rrp:quality>1.000</rrp:quality>
          <rrp:satellites>64</rrp:satellites>
          <rrp:speed_kmh>30.1</rrp:speed_kmh>
          <rrp:accuracy_m>1.3</rrp:accuracy_m>
          <rrp:accel_x>0.000000</rrp:accel_x>
          <rrp:accel_y>0.000000</rrp:accel_y>
          <rrp:accel_z>13.637373</rrp:accel_z>
          <rrp:gyro_x>0.000000</rrp:gyro_x>
          <rrp:gyro_y>0.000000</rrp:gyro_y>
          <rrp:gyro_z>0.000000</rrp:gyro_z>
          <rrp:sensor_rate_hz>124.9</rrp:sensor_rate_hz>
        </extensions>
      </trkpt>
      <trkpt lat="30.6565604" lon="76.6874021">
        <time>2026-07-24T09:25:37.190Z</time>
        <hdop>99.00</hdop>
        <extensions>
          <gpxtpx:TrackPointExtension>
            <gpxtpx:speed>8.48</gpxtpx:speed>
            <gpxtpx:atemp>0.0</gpxtpx:atemp>
          </gpxtpx:TrackPointExtension>
          <rrp:iri>3.929</rrp:iri>
          <rrp:raw_iri>0.000</rrp:raw_iri>
          <rrp:iri_class>B</rrp:iri_class>
          <rrp:quality>1.000</rrp:quality>
          <rrp:satellites>66</rrp:satellites>
          <rrp:speed_kmh>30.5</rrp:speed_kmh>
          <rrp:accuracy_m>1.4</rrp:accuracy_m>
          <rrp:accel_x>0.000000</rrp:accel_x>
          <rrp:accel_y>0.000000</rrp:accel_y>
          <rrp:accel_z>25.337837</rrp:accel_z>
          <rrp:gyro_x>0.000000</rrp:gyro_x>
          <rrp:gyro_y>0.000000</rrp:gyro_y>
          <rrp:gyro_z>0.000000</rrp:gyro_z>
          <rrp:sensor_rate_hz>124.9</rrp:sensor_rate_hz>
        </extensions>
      </trkpt>
    </trkseg>
  </trk>
</gpx>